pdb,Bchain,Achain,Dchain,Gchain,TCRtype,model,antigen_chain,antigen_type,antigen_name,antigen_het_name,mhc_type,mhc_chain1,mhc_chain2,docking_angle,beta_subgroup,alpha_subgroup,gamma_subgroup,delta_subgroup,short_header,date,compound,beta_organism,alpha_organism,gamma_organism,delta_organism,antigen_organism,mhc_chain1_organism,mhc_chain2_organism,authors,resolution,method,r_free,r_factor,affinity,affinity_method,affinity_temperature,affinity_pmid,engineered
1ao7,E,D,,,abTCR,0,C,peptide,tax peptide,,MH1,A,B,34.827,TRBV6,TRAV12,,,COMPLEX (MHC/VIRAL PEPTIDE/RECEPTOR),07/21/97,"COMPLEX BETWEEN HUMAN T-CELL RECEPTOR, VIRAL PEPTIDE (TAX), AND HLA-A 0201",homo sapiens,homo sapiens,,,human t-lymphotropic virus 1,homo sapiens,homo sapiens,"Garboczi, D.N., Ghosh, P., Utz, U., Fan, Q.R., Biddison, W.E., Wiley, D.C.",2.6,X-RAY DIFFRACTION,0.32,0.245,,,,,True
1bd2,E,D,,,abTCR,0,C,peptide,tax peptide,,MH1,A,B,49.404,TRBV6,TRAV29,,,COMPLEX (MHC/VIRAL PEPTIDE/RECEPTOR),05/12/98,"COMPLEX BETWEEN HUMAN T-CELL RECEPTOR B7, VIRAL PEPTIDE (TAX) AND MHC CLASS I MOLECULE HLA-A 0201",homo sapiens,homo sapiens,,,human t-lymphotropic virus 1,homo sapiens,homo sapiens,"Ding, Y.-H., Smith, K.J., Garboczi, D.N., Utz, U., Biddison, W.E., Wiley, D.C.",2.5,X-RAY DIFFRACTION,0.312,0.238,,,,,True
1fo0,B,A,,,abTCR,0,P,peptide,naturally processed octapeptide pbm1,,MH1,H,L,41.362,TRBV1,TRAV16,,,IMMUNE SYSTEM,08/24/00,MURINE ALLOREACTIVE SCFV TCR-PEPTIDE-MHC CLASS I MOLECULE COMPLEX,mus musculus,mus musculus,,,,mus musculus,mus musculus,"Reiser, J.B., Darnault, C., Guimezanes, A., Gregoire, C., Mosser, T., Schmitt-Verhulst, A.-M., Fontecilla-Camps, J.C., Malissen, B., Housset, D., Mazza, G.",2.5,X-RAY DIFFRACTION,0.276,0.225,,,,,True
1fyt,E,D,,,abTCR,0,C,peptide,hemagglutinin ha1 peptide chain,,MH2,A,B,47.72,TRBV28,TRAV8,,,IMMUNE SYSTEM,10/03/00,"CRYSTAL STRUCTURE OF A COMPLEX OF A HUMAN ALPHA/BETA-T CELL RECEPTOR, INFLUENZA HA ANTIGEN PEPTIDE, AND MHC CLASS II MOLECULE, HLA-DR1",homo sapiens,homo sapiens,,,h3n2 subtype,homo sapiens,homo sapiens,"Hennecke, J., Carfi, A., Wiley, D.C.",2.6,X-RAY DIFFRACTION,0.255,0.221,,,,,True
1j8h,E,D,,,abTCR,0,C,peptide,hemagglutinin ha1 peptide chain,,MH2,A,B,49.418,TRBV28,TRAV8,,,IMMUNE SYSTEM,05/21/01,"Crystal Structure of a Complex of a Human alpha/beta-T cell Receptor, Influenza HA Antigen Peptide, and MHC Class II Molecule, HLA-DR4",homo sapiens,homo sapiens,,,influenzavirus a,homo sapiens,homo sapiens,"Hennecke, J., Wiley, D.C.",2.4,X-RAY DIFFRACTION,0.246,0.211,,,,,True
1ktk,E,,,,,0,A,protein,exotoxin type c,,,,,,TRBV20,,,,IMMUNE SYSTEM,01/16/02,Complex of Streptococcal pyrogenic enterotoxin C (SpeC) with a human T cell receptor beta chain (Vbeta2.1),homo sapiens,,,,streptococcus pyogenes,,,"Sundberg, E.J., Li, H., Llera, A.S., McCormick, J.K., Tormo, J., Karjalainen, K., Schlievert, P.M., Mariuzza, R.A.",3.0,X-RAY DIFFRACTION,0.334,0.326,,,,,True
1mi5,E,D,,,abTCR,0,C,peptide,epstein barr virus peptide,,MH1,A,B,42.752,TRBV7,TRAV26,,,IMMUNE SYSTEM,08/21/02,The crystal structure of LC13 TcR in complex with HLAB8-EBV peptide complex,homo sapiens,homo sapiens,,,,homo sapiens,homo sapiens,"Kjer-Nielsen, L., Clements, C.S., Purcell, A.W., Brooks, A.G., Whisstock, J.C., Burrows, S.R., McCluskey, J., Rossjohn, J.",2.5,X-RAY DIFFRACTION,0.288,0.226,,,,,True
1nam,B,A,,,abTCR,0,P,peptide,nucleocapsid,,MH1,H,L,39.971,TRBV1,TRAV16,,,IMMUNE SYSTEM,11/28/02,MURINE ALLOREACTIVE SCFV TCR-PEPTIDE-MHC CLASS I MOLECULE COMPLEX,mus musculus,mus musculus,,,,mus musculus,mus musculus,"Reiser, J.-B., Darnault, C., Gregoire, C., Mosser, T., Mazza, G., Kearnay, A., van der Merwe, P.A., Fontecilla-Camps, J.C., Housset, D., Malissen, B.",2.7,X-RAY DIFFRACTION,0.298,0.23,,,,,True
1oga,E,D,,,abTCR,0,C,peptide,gilgfvftl,,MH1,A,B,62.558,TRBV19,TRAV27,,,IMMUNE SYSTEM/RECEPTOR,04/28/03,A structural basis for immunodominant human T-cell receptor recognition.,homo sapiens,homo sapiens,,,homo sapiens,homo sapiens,homo sapiens,"Stewart-Jones, G.B.E., McMichael, A.J., Bell, J.I., Stuart, D.I., Jones, E.Y.",1.4,X-RAY DIFFRACTION,0.231,0.218,,,,,True
1qrn,E,D,,,abTCR,0,C,peptide,tax peptide p6a,,MH1,A,B,33.739,TRBV6,TRAV12,,,IMMUNE SYSTEM,06/14/99,CRYSTAL STRUCTURE OF HUMAN A6 TCR COMPLEXED WITH HLA-A2 BOUND TO ALTERED HTLV-1 TAX PEPTIDE P6A,homo sapiens,homo sapiens,,,,homo sapiens,homo sapiens,"Ding, Y.H., Baker, B.M., Garboczi, D.N., Biddison, W.E., Wiley, D.C.",2.8,X-RAY DIFFRACTION,0.273,0.216,,,,,True
1qse,E,D,,,abTCR,0,C,peptide,tax peptide v7r,,MH1,A,B,36.974,TRBV6,TRAV12,,,IMMUNE SYSTEM,06/21/99,STRUCTURE OF HUMAN A6-TCR BOUND TO HLA-A2 COMPLEXED WITH ALTERED HTLV-1 TAX PEPTIDE V7R,homo sapiens,homo sapiens,,,,homo sapiens,homo sapiens,"Ding, Y.H., Baker, B.M., Garboczi, D.N., Biddison, W.E., Wiley, D.C.",2.8,X-RAY DIFFRACTION,0.29,0.243,,,,,True
1qsf,E,D,,,abTCR,0,C,peptide,tax peptide y8a,,MH1,A,B,35.353,TRBV6,TRAV12,,,IMMUNE SYSTEM,06/21/99,STRUCTURE OF A6-TCR BOUND TO HLA-A2 COMPLEXED WITH ALTERED HTLV-1 TAX PEPTIDE Y8A,homo sapiens,homo sapiens,,,,homo sapiens,homo sapiens,"Ding, Y.H., Baker, B.M., Garboczi, D.N., Biddison, W.E., Wiley, D.C.",2.8,X-RAY DIFFRACTION,0.286,0.245,,,,,True
1ymm,E,D,,,abTCR,0,C,peptide,mbp peptide,,MH2,A,B,83.736,TRBV20,TRAV17,,,IMMUNE SYSTEM,01/21/05,TCR/HLA-DR2b/MBP-peptide complex,homo sapiens,homo sapiens,,,,homo sapiens,homo sapiens,"Hahn, M., Nicholson, M.J., Pyrdol, J., Wucherpfennig, K.W.",3.5,X-RAY DIFFRACTION,0.318,0.274,,,,,True
2bnq,E,D,,,abTCR,0,C,peptide,synthetic peptide,,MH1,A,B,69.544,TRBV6,TRAV21,,,IMMUNE SYSTEM/RECEPTOR,03/31/05,Structural and kinetic basis for heightened immunogenicity of T cell vaccines,homo sapiens,homo sapiens,,,homo sapiens,homo sapiens,homo sapiens,"Chen, J.-L., Stewart-Jones, G., Bossi, G., Lissin, N.M., Wooldridge, L., Choi, E.M.L., Held, G., Dunbar, P.R., Esnouf, R.M., Sami, M., Boultier, J.M., Rizkallah, P.J., Renner, C., Sewell, A., van der Merwe, P.A., Jackobsen, B.K., Griffiths, G., Jones, E.Y., Cerundolo, V.",1.7,X-RAY DIFFRACTION,0.253,0.226,,,,,True
2bnr,E,D,,,abTCR,0,C,peptide,synthetic peptide,,MH1,A,B,69.699,TRBV6,TRAV21,,,IMMUNE SYSTEM/RECEPTOR,03/31/05,Structural and kinetic basis for heightened immunogenicity of T cell vaccines,homo sapiens,homo sapiens,,,homo sapiens,homo sapiens,homo sapiens,"Chen, J.-L., Stewart-Jones, G., Bossi, G., Lissin, N.M., Wooldridge, L., Choi, E.M.L., Held, G., Dunbar, P.R., Esnouf, R.M., Sami, M., Boultier, J.M., Rizkallah, P.J., Renner, C., Sewell, A., van der Merwe, P.A., Jackobsen, B.K., Griffiths, G., Jones, E.Y., Cerundolo, V.",1.9,X-RAY DIFFRACTION,unknown,0.231,,,,,True
2esv,E,D,,,abTCR,0,P,peptide,vmaprtlil peptide from cmv gpul40,,MH1,A,B,39.357,TRBV14,TRAV26,,,IMMUNE SYSTEM,10/27/05,Structure of the HLA-E-VMAPRTLIL/KK50.4 TCR complex,homo sapiens,homo sapiens,,,,homo sapiens,homo sapiens,"Hoare, H.L., Rossjohn, J.",2.6,X-RAY DIFFRACTION,0.292,0.214,,,,,True
2f53,E,D,,,abTCR,0,C,peptide,cancer/testis antigen 1b,,MH1,A,B,66.123,TRBV6,TRAV21,,,IMMUNE SYSTEM,11/25/05,Directed Evolution of Human T-cell Receptor CDR2 residues by phage display dramatically enhances affinity for cognate peptide-MHC without apparent cross-reactivity,homo sapiens,homo sapiens,,,,homo sapiens,homo sapiens,"Rizkallah, P.J., Jakobsen, B.K., Dunn, S.M., Sami, M.",2.1,X-RAY DIFFRACTION,0.231,0.166,,,,,True
2iam,D,C,,,abTCR,0,P,peptide,15-mer peptide from triosephosphate isomerase,,MH2,A,B,44.538,TRBV6,TRAV22,,,IMMUNE SYSTEM,2009/8/6,"Structural basis for recognition of mutant self by a tumor-specific, MHC class II-restricted TCR",homo sapiens,homo sapiens,,,homo sapiens,homo sapiens,homo sapiens,"Deng, L., Langley, R.J., Mariuzza, R.A.",2.8,X-RAY DIFFRACTION,0.279,0.207,,,,,True
2oi9,C,B,,,abTCR,0,Q,peptide,peptide (gln)(leu)(ser)(pro)(phe)(pro)(phe)(asp)(leu) ,,MH1,A,,48.24,TRBV13,TRAV9,,,IMMUNE SYSTEM,2001/10/7,Structure of the 2C/Ld/QL9 allogeneic complex,mus musculus,mus musculus,,,,mus musculus,,"Garcia, K.C., Colf, L.A.",2.35,X-RAY DIFFRACTION,0.226,0.22,,,,,True
2ol3,B,A,,,abTCR,0,P,peptide,naturally processed octapeptide pbm8,,MH1,H,L,42.309,TRBV1,TRAV16,,,IMMUNE SYSTEM,01/18/07,crystal structure of BM3.3 ScFV TCR in complex with PBM8-H-2KBM8 MHC class I molecule,mus musculus,mus musculus,,,,mus musculus,mus musculus,"Mazza, C., Auphan-Anezin, N., Gregoire, C., Guimezanes, A., Kellenberger, C., Roussel, A., Kearney, A., Van der Merwe, P.A., Schmitt-Verhulst, A.M., Malissen, B.",2.9,X-RAY DIFFRACTION,0.284,0.224,,,,,True
2p5e,E,D,,,abTCR,0,C,peptide,cancer/testis antigen 1b,,MH1,A,B,66.648,TRBV6,TRAV21,,,IMMUNE SYSTEM,03/15/07,Crystal Structures of High Affinity Human T-Cell Receptors Bound to pMHC Reveal Native Diagonal Binding Geometry,homo sapiens,homo sapiens,,,,homo sapiens,homo sapiens,"Sami, M., Rizkallah, P.J., Dunn, S., Li, Y., Moysey, R., Vuidepot, A., Baston, E., Todorov, P., Molloy, P., Gao, F., Boulter, J.M., Jakobsen, B.K.",1.89,X-RAY DIFFRACTION,0.236,0.178,,,,,True
2p5w,E,D,,,abTCR,0,C,peptide,cancer/testis antigen 1b,,MH1,A,B,65.992,TRBV6,TRAV21,,,IMMUNE SYSTEM,03/16/07,Crystal structures of high affinity human T-cell receptors bound to pMHC reveal native diagonal binding geometry,homo sapiens,homo sapiens,,,,homo sapiens,homo sapiens,"Sami, M., Rizkallah, P.J., Dunn, S., Li, Y., Moysey, R., Vuidepot, A., Baston, E., Todorov, P., Molloy, P., Gao, F., Boulter, J.M., Jakobsen, B.K.",2.2,X-RAY DIFFRACTION,0.245,0.165,,,,,True
2pxy,B,A,,,abTCR,0,P,peptide,myelin basic protein (mbp)-peptide,,MH2,C,D,48.079,TRBV13,TRAV6,,,IMMUNE SYSTEM,05/14/07,Crystal structures of immune receptor complexes,mus musculus,mus musculus,,,,mus musculus,mus musculus,"Feng, D., Bond, C.J., Ely, L.K., Garcia, K.C.",2.23,X-RAY DIFFRACTION,0.253,0.218,,,,,True
2pye,E,D,,,abTCR,0,C,peptide,cancer/testis antigen 1b,,MH1,A,B,65.755,TRBV6,TRAV21,,,IMMUNE SYSTEM,05/16/07,Crystal Structures of High Affinity Human T-Cell Receptors Bound to pMHC RevealNative Diagonal Binding Geometry TCR Clone C5C1 Complexed with MHC,homo sapiens,homo sapiens,,,,homo sapiens,homo sapiens,"Sami, M., Rizkallah, P.J., Dunn, S., Li, Y., Moysey, R., Vuidepot, A., Baston, E., Todorov, P., Molloy, P., Gao, F., Boulter, J.M., Jakobsen, B.K.",2.3,X-RAY DIFFRACTION,0.283,0.192,,,,,True
2vlj,E,D,,,abTCR,0,C,peptide,flu matrix peptide,,MH1,A,B,61.297,TRBV19,TRAV27,,,IMMUNE SYSTEM,01/15/08,The Structural Dynamics and Energetics of an Immunodominant T-cell Receptor are Programmed by its Vbeta Domain,homo sapiens,homo sapiens,,,unidentified influenza virus,homo sapiens,homo sapiens,"Ishizuka, J., Stewart-Jones, G., Van Der Merwe, A., Bell, J., Mcmichael, A., Jones, Y.",2.4,X-RAY DIFFRACTION,0.272,0.196,,,,,True
2vlk,E,D,,,abTCR,0,C,peptide,flu matrix peptide,,MH1,A,B,62.199,TRBV19,TRAV27,,,IMMUNE SYSTEM,01/15/08,The Structural Dynamics and Energetics of an Immunodominant T-cell Receptor are Programmed by its Vbeta Domain,homo sapiens,homo sapiens,,,unidentified influenza virus,homo sapiens,homo sapiens,"Ishizuka, J., Stewart-Jones, G., Van Der Merwe, A., Bell, J., Mcmichael, A., Jones, Y.",2.5,X-RAY DIFFRACTION,0.288,0.218,,,,,True
2wbj,D,C,,,abTCR,0,A,carbohydrate,N-ACETYL-D-GLUCOSAMINE,NAG,MH2,A,B,80.595,TRBV20,TRAV17,,,IMMUNE SYSTEM,2003/2/9,TCR complex,homo sapiens,homo sapiens,,,homo sapiens,homo sapiens,homo sapiens,"Harkiolaki, M., Holmes, S.L., Svendsen, P., Gregersen, J.W., Jensen, L.T., McMahon, R., Friese, M.A., van Boxel, G., Etzensperger, R., Tzartos, J.S., Kranc, K., Sainsbury, S., Harlos, K., Mellins, E.D., Palace, J., Esiri, M.M., van der Merwe, P.A., Jones, E.Y., Fugger, L.",3.0,X-RAY DIFFRACTION,0.288,0.247,,,,,True
2xn9,B,A,,,abTCR,0,C,protein,enterotoxin h,,,,,,TRBV19,TRAV27,,,IMMUNE SYSTEM,07/31/10,"Crystal structure of the ternary complex between human T cell receptor, staphylococcal enterotoxin H and human major histocompatibility complex class II",homo sapiens,homo sapiens,,,staphylococcus aureus,,,"Saline, M., Rodstrom, K.E.J., Fischer, G., Orekhov, V.Y., Karlsson, B.G., Lindkvist-Petersson, K.",2.3,X-RAY DIFFRACTION,0.27236,0.2215,,,,,True
2xna,B,A,,,abTCR,0,C,protein,enterotoxin h,,,,,,TRBV19,TRAV27,,,IMMUNE SYSTEM,07/31/10,Crystal structure of the complex between human T cell receptor and staphylococcal enterotoxin,homo sapiens,homo sapiens,,,staphylococcus aureus,,,"Saline, M., Rodstrom, K.E.J., Fischer, G., Orekhov, V.Y., Karlsson, B.G., Lindkvist-Petersson, K.",2.1,X-RAY DIFFRACTION,0.26137,0.22256,,,,,True
2ypl,E,D,,,abTCR,0,C,peptide,kf11 p24 gag peptide,,MH1,A,B,27.481,TRBV19,TRAV5,,,IMMUNE SYSTEM/VIRAL PROTEIN,10/30/12,Structural features underlying T-cell receptor sensitivity to concealed MHC class I micropolymorphisms,homo sapiens,homo sapiens,,,human immunodeficiency virus,homo sapiens,homo sapiens,"Stewart-Jones, G.B., Simpson, P., van der Merwe, P.A., Easterbrook, P., McMichael, A.J., Rowland-Jones, S.L., Jones, E.Y., Gillespie, G.M.",2.4,X-RAY DIFFRACTION,0.27746,0.22072,,,,,True
2z31,B,A,,,abTCR,0,P,peptide,myelin basic protein (mbp)-peptide,,MH2,C,D,47.877,TRBV13,TRAV6,,,IMMUNE SYSTEM,05/30/07,Crystal structure of immune receptor complex,mus musculus,mus musculus,,,,mus musculus,mus musculus,"Feng, D., Bond, C.J., Ely, L.K., Garcia, K.C.",2.7,X-RAY DIFFRACTION,0.287,0.235,,,,,True
3arb,D,C,,,abTCR,0,A,Hapten,"N-{(1S,2S,3R)-1-[(ALPHA-D-GALACTOPYRANOSYLOXY)METHYL]-2,3-DIHYDROXYOCTYL}TETRACOSANAMIDE",FEE,CD1,A,B,24.269,TRBV13,TRAV11,,,IMMUNE SYSTEM,11/26/10,Ternary crystal structure of the NKT TCR-CD1d-alpha-galactosylceramide analogue-OCH,"mus musculus, homo sapiens","mus musculus, homo sapiens",,,mus musculus,mus musculus,mus musculus,"Wun, K.S., Rossjohn, J.",2.7,X-RAY DIFFRACTION,0.257,0.214,,,,,True
3ard,D,C,,,abTCR,0,A,Hapten,"N-{(2S,3R)-1-[(3-DEOXY-ALPHA-D-XYLO-HEXOPYRANOSYL)OXY]-3-HYDROXYOCTADECAN-2-YL}HEXACOSANAMIDE",3GH,CD1,A,B,23.818,TRBV13,TRAV11,,,IMMUNE SYSTEM,11/27/10,Ternary crystal structure of the mouse NKT TCR-CD1d-3'deoxy-alpha-galactosylceramide,"mus musculus, homo sapiens","mus musculus, homo sapiens",,,mus musculus,mus musculus,mus musculus,"Wun, K.S., Rossjohn, J.",3.01,X-RAY DIFFRACTION,0.277,0.213,,,,,True
3are,D,C,,,abTCR,0,A,Hapten,"N-{(2S,3R)-1-[(4-DEOXY-ALPHA-D-XYLO-HEXOPYRANOSYL)OXY]-3-HYDROXYOCTADECAN-2-YL}HEXACOSANAMIDE",4GH,CD1,A,B,23.713,TRBV13,TRAV11,,,IMMUNE SYSTEM,11/27/10,Ternary crystal structure of the mouse NKT TCR-CD1d-4'deoxy-alpha-galactosylceramide,"mus musculus, homo sapiens","mus musculus, homo sapiens",,,mus musculus,mus musculus,mus musculus,"Wun, K.S., Rossjohn, J.",2.8,X-RAY DIFFRACTION,0.279,0.22,,,,,True
3arf,D,C,,,abTCR,0,A,Hapten,"(11Z,14E)-N-[(2S,3S,4R)-1-(ALPHA-D-GALACTOPYRANOSYLOXY)-3,4-DIHYDROXYOCTADECAN-2-YL]ICOSA-11,14-DIENAMIDE",DB3,CD1,A,B,23.833,TRBV13,TRAV11,,,IMMUNE SYSTEM,11/27/10,Ternary crystal structure of the mouse NKT TCR-CD1d-C20:2,"mus musculus, homo sapiens","mus musculus, homo sapiens",,,mus musculus,mus musculus,mus musculus,"Wun, K.S., Rossjohn, J.",2.9,X-RAY DIFFRACTION,0.277,0.225,,,,,True
3arg,D,C,,,abTCR,0,A,Hapten,"(11E,14E)-N-[(2S,3S,4R)-1-(ALPHA-D-GLUCOPYRANOSYLOXY)-3,4-DIHYDROXYOCTADECAN-2-YL]ICOSA-11,14-DIENAMIDE",DB6,CD1,A,B,24.646,TRBV13,TRAV11,,,IMMUNE SYSTEM,11/27/10,Ternary crystal structure of the mouse NKT TCR-CD1d-alpha-glucosylceramide(C20:2),"mus musculus, homo sapiens","mus musculus, homo sapiens",,,mus musculus,mus musculus,mus musculus,"Wun, K.S., Rossjohn, J.",3.0,X-RAY DIFFRACTION,0.3,0.232,,,,,True
3d39,E,D,,,abTCR,0,C,peptide,modified htlv-1 tax (y5(4fluoro)f) peptide,,MH1,A,B,36.65,TRBV6,TRAV12,,,IMMUNE SYSTEM,2005/9/8,The complex between TCR A6 and human Class I MHC HLA-A2 with the modified HTLV-1 TAX (Y5(4-fluoroPhenylalanine)) peptide,homo sapiens,homo sapiens,,,,homo sapiens,homo sapiens,"Borbulevych, O.Y., Clemens, J.R., Baker, B.M.",2.81,X-RAY DIFFRACTION,0.269,0.201,,,,,True
3d3v,E,D,,,abTCR,0,C,peptide,"modified htlv-1 tax (y5(3,4-difluoro)f) peptide",,MH1,A,B,35.93,TRBV6,TRAV12,,,IMMUNE SYSTEM,2005/12/8,"The complex between TCR A6 and human Class I MHC HLA-A2 with the modified HTLV-1 TAX (Y5(3,4-difluoroPhenylalanine)) peptide",homo sapiens,homo sapiens,,,,homo sapiens,homo sapiens,"Borbulevych, O.Y., Clemens, J.R., Baker, B.M.",2.8,X-RAY DIFFRACTION,0.278,0.22,,,,,True
3e2h,C,B,,,abTCR,0,Q,peptide,ql9 peptide,,MH1,A,,46.409,TRBV13,TRAV9,,,IMMUNE SYSTEM,2008/5/8,Structure of the m67 high-affinity mutant of the 2C TCR in complex with Ld/QL9,mus musculus,mus musculus,,,,mus musculus,,"Colf, L.A., Garcia, K.C.",3.8,X-RAY DIFFRACTION,0.276,0.223,,,,,True
3gsn,B,A,,,abTCR,0,P,peptide,hcmv pp65 fragment 495-503 (nlvpmvatv),,MH1,H,L,39.456,TRBV6,TRAV24,,,IMMUNE SYSTEM,03/27/09,Crystal structure of the public RA14 TCR in complex with the HCMV dominant NLV/HLA-A2 epitope,homo sapiens,homo sapiens,,,,homo sapiens,homo sapiens,"Gras, S., Saulquin, X., Reiser, J.-B., Debeaupuis, E., Echasserieau, K., Kissenpfennig, A., Legoux, F., Chouquet, A., Le Gorrec, M., Machillot, P., Neveu, B., Thielens, N., Malissen, B., Bonneville, M., Housset, D.",2.8,X-RAY DIFFRACTION,0.29,0.215,,,,,True
3h9s,E,D,,,abTCR,0,C,peptide,tel1p peptide,,MH1,A,B,36.494,TRBV6,TRAV12,,,IMMUNE SYSTEM,04/30/09,The complex between TCR A6 and human Class I MHC HLA-A2 with the bound Tel1p peptide,homo sapiens,homo sapiens,,,,homo sapiens,homo sapiens,"Borbulevych, O.Y., Baker, B.M.",2.7,X-RAY DIFFRACTION,0.289,0.217,,,,,True
3he6,D,C,,,abTCR,0,A,carbohydrate,"N-{(1S,2R,3S)-1-[(ALPHA-D-GALACTOPYRANOSYLOXY)METHYL]-2,3-DIHYDROXYHEPTADECYL}HEXACOSANAMIDE",AGH,CD1,A,B,23.813,TRBV13,TRAV11,,,IMMUNE SYSTEM,2005/7/9,Crystal structure of mouse CD1d-alpha-galactosylceramide with mouse Valpha14-Vbeta8.2 NKT TCR,mus musculus,mus musculus,,,mus musculus,mus musculus,mus musculus,"Patel, O., Rossjohn, J.",2.9,X-RAY DIFFRACTION,0.298,0.234,,,,,True
3he7,D,C,,,abTCR,0,A,carbohydrate,"N-{(1S,2R,3S)-1-[(ALPHA-D-GALACTOPYRANOSYLOXY)METHYL]-2,3-DIHYDROXYHEPTADECYL}HEXACOSANAMIDE",AGH,CD1,A,B,29.416,TRBV29,TRAV11,,,IMMUNE SYSTEM,2005/8/9,Crystal structure of mouse CD1d-alpha-galactosylceramide with mouse Valpha14-Vbeta7 NKT TCR,mus musculus,mus musculus,,,mus musculus,mus musculus,mus musculus,"Patel, O., Rossjohn, J.",2.8,X-RAY DIFFRACTION,0.271,0.224,,,,,True
3hg1,E,D,,,abTCR,0,C,peptide,cancer/mart-1,,MH1,A,B,48.397,TRBV30,TRAV12,,,IMMUNE SYSTEM,05/13/09,Germline-governed recognition of a cancer epitope by an immunodominant human T cell receptor,homo sapiens,homo sapiens,,,homo sapiens,homo sapiens,homo sapiens,"Cole, D.K., Yuan, F., Rizkallah, P.J., Miles, J.J., Gostick, E., Price, D.A., Gao, G.F., Jakobsen, B.K., Sewell, A.K.",3.0,X-RAY DIFFRACTION,0.304,0.225,,,,,False
3kps,E,D,,,abTCR,0,C,peptide,"eeylqafty, self peptide from the atp binding cassetteprotein abcd3 ",,MH1,A,B,43.177,TRBV7,TRAV26,,,IMMUNE SYSTEM,11/16/09,Crystal Structure of the LC13 TCR in complex with HLA B*4405 bound to EEYLQAFTY a self peptide from the ABCD3 protein,homo sapiens,homo sapiens,,,,homo sapiens,homo sapiens,"Macdonald, W.A., Chen, Z., Gras, S., Archbold, J.K., Tynan, F.E., Clements, C.S., Bharadwaj, M., Kjer-Nielsen, L., Saunders, P.M., Wilce, M.C., Crawford, F., Stadinsky, B., Jackson, D., Brooks, A.G., Purcell, A.W., Kappler, J.W., Burrows, S.R., Rossjohn, J., McCluskey, J.",2.7,X-RAY DIFFRACTION,0.269,0.193,,,,,True
3mv7,E,D,,,abTCR,0,C,peptide,hpvg peptide from epstein-barr nuclear antigen 1,,MH1,A,B,42.517,TRBV9,TRAV20,,,IMMUNE SYSTEM,2005/3/10,Crystal Structure of the TK3 TCR in complex with HLA-B*3501/HPVG,homo sapiens,homo sapiens,,,,homo sapiens,homo sapiens,"Gras, S., Chen, Z., Miles, J.J., Liu, Y.C., Bell, M.J., Sullivan, L.C., Kjer-Nielsen, L., Brennan, R.M., Burrows, J.M., Neller, M.A., Khanna, R., Purcell, A.W., Brooks, A.G., McCluskey, J., Rossjohn, J., Burrows, S.R.",2.0,X-RAY DIFFRACTION,0.286,0.225,,,,,True
3mv8,E,D,,,abTCR,0,C,peptide,hpvg peptide from epstein-barr nuclear antigen 1,,MH1,A,B,41.6,TRBV9,TRAV20,,,IMMUNE SYSTEM,2005/3/10,Crystal Structure of the TK3-Gln55His TCR in complex with HLA-B*3501/HPVG,homo sapiens,homo sapiens,,,,homo sapiens,homo sapiens,"Gras, S., Chen, Z., Miles, J.J., Liu, Y.C., Bell, M.J., Sullivan, L.C., Kjer-Nielsen, L., Brennan, R.M., Burrows, J.M., Neller, M.A., Khanna, R., Purcell, A.W., Brooks, A.G., McCluskey, J., Rossjohn, J., Burrows, S.R.",2.1,X-RAY DIFFRACTION,0.276,0.229,,,,,True
3mv9,E,D,,,abTCR,0,C,peptide,hpvg peptide from epstein-barr nuclear antigen 1,,MH1,A,B,41.382,TRBV9,TRAV20,,,IMMUNE SYSTEM,2005/3/10,Crystal Structure of the TK3-Gln55Ala TCR in complex with HLA-B*3501/HPVG,homo sapiens,homo sapiens,,,,homo sapiens,homo sapiens,"Gras, S., Chen, Z., Miles, J.J., Liu, Y.C., Bell, M.J., Sullivan, L.C., Kjer-Nielsen, L., Brennan, R.M., Burrows, J.M., Neller, M.A., Khanna, R., Purcell, A.W., Brooks, A.G., McCluskey, J., Rossjohn, J., Burrows, S.R.",2.7,X-RAY DIFFRACTION,0.331,0.234,,,,,True
3o4l,E,D,,,abTCR,0,C,peptide,bslf2/bmlf1 protein,,MH1,A,B,46.314,TRBV20,TRAV5,,,IMMUNE SYSTEM,07/27/10,Genetic and structural basis for selection of a ubiquitous T cell receptor deployed in Epstein-Barr virus,homo sapiens,homo sapiens,,,human herpesvirus 4,homo sapiens,homo sapiens,"Miles, J.J., Bulek, A.M., Cole, D.K., Gostick, E., Schauenburg, J.A., Dolton, G., Venturi, V., Davenport, M.P., Tan, M.P., Burrows, S.R., Wooldridge, L., Price, D.A., Rizkallah, P.J., Sewell, A.K.",2.54,X-RAY DIFFRACTION,0.296,0.221,,,,,False
3o8x,D,C,,,abTCR,0,A,Hapten,"(2S,3R)-3-HYDROXY-2-(TETRADECANOYLAMINO)OCTADECYL ALPHA-D-GALACTOPYRANOSIDURONIC ACID",GSL,CD1,A,B,24.928,TRBV13,TRAV11,,,IMMUNE SYSTEM,2008/3/10,Recognition of Glycolipid Antigen by iNKT Cell TCR,"mus musculus, homo sapiens","mus musculus, homo sapiens",,,mus musculus,mus musculus,mus musculus,"Zajonc, D.M., Li, Y.",2.74,X-RAY DIFFRACTION,0.253,0.195,,,,,True
3o9w,D,C,,,abTCR,0,A,Hapten,(2S)-3-(ALPHA-D-GALACTOPYRANOSYLOXY)-2-(HEXADECANOYLOXY)PROPYL (9Z)-OCTADEC-9-ENOATE,1O2,CD1,A,B,27.007,TRBV13,TRAV11,,,IMMUNE SYSTEM,2008/4/10,Recognition of a Glycolipid Antigen by the iNKT Cell TCR,"mus musculus, homo sapiens","mus musculus, homo sapiens",,,mus musculus,mus musculus,mus musculus,"Zajonc, D.M., Li, Y.",2.8,X-RAY DIFFRACTION,0.258,0.195,,,,,True
3pwp,E,D,,,abTCR,0,C,peptide,hud peptide,,MH1,A,B,36.633,TRBV6,TRAV12,,,PROTEIN BINDING,2012/8/10,The complex between TCR A6 and human Class I MHC HLA-A2 with the bound HuD peptide,homo sapiens,homo sapiens,,,,homo sapiens,homo sapiens,"Borbulevych, O.Y., Baker, B.M.",2.69,X-RAY DIFFRACTION,0.259,0.198,,,,,True
3qdg,E,D,,,abTCR,0,C,peptide,mart-1 (26-35) peptide,,MH1,A,B,34.175,TRBV6,TRAV12,,,IMMUNE SYSTEM,01/18/11,The complex between TCR DMF5 and human Class I MHC HLA-A2 with the bound MART-1(26-35)(A27L) peptide,homo sapiens,homo sapiens,,,,homo sapiens,homo sapiens,"Borbulevych, O.Y., Baker, B.M.",2.69,X-RAY DIFFRACTION,0.278,0.218,,,,,True
3qdj,E,D,,,abTCR,0,C,peptide,mart-1(27-35) peptide,,MH1,A,B,33.874,TRBV6,TRAV12,,,IMMUNE SYSTEM,01/18/11,The complex between TCR DMF5 and human Class I MHC HLA-A2 with the bound MART-1(27-35) nonameric peptide,homo sapiens,homo sapiens,,,,homo sapiens,homo sapiens,"Borbulevych, O.Y., Baker, B.M.",2.3,X-RAY DIFFRACTION,0.299,0.24,,,,,True
3qdm,E,D,,,abTCR,0,C,peptide,mart-1(27-35) peptide,,MH1,A,B,30.93,TRBV10,TRAV35,,,IMMUNE SYSTEM,01/18/11,The complex between TCR DMF4 and human Class I MHC HLA-A2 with the bound MART-1(26-35)(A27L) decameric peptide,homo sapiens,homo sapiens,,,,homo sapiens,homo sapiens,"Borbulevych, O.Y., Baker, B.M.",2.8,X-RAY DIFFRACTION,0.284,0.211,,,,,True
3qeq,E,D,,,abTCR,0,C,peptide,mart-1(27-35) peptide,,MH1,A,B,44.348,TRBV10,TRAV35,,,IMMUNE SYSTEM,01/20/11,The complex between TCR DMF4 and human Class I MHC HLA-A2 with the bound MART-1(27-35) nonameric peptide,homo sapiens,homo sapiens,,,,homo sapiens,homo sapiens,"Borbulevych, O.Y., Baker, B.M.",2.59,X-RAY DIFFRACTION,0.269,0.215,,,,,True
3qfj,E,D,,,abTCR,0,C,peptide,tax(y5f) peptide,,MH1,A,B,35.624,TRBV6,TRAV12,,,IMMUNE SYSTEM,01/21/11,The complex between TCR A6 and human Class I MHC HLA-A2 with the modified TAX (Y5F) peptide,homo sapiens,homo sapiens,,,,homo sapiens,homo sapiens,"Borbulevych, O.Y., Baker, B.M.",2.29,X-RAY DIFFRACTION,0.271,0.218,,,,,True
3qi9,D,C,,,abTCR,0,A,Hapten,"2-[(HYDROXY{[(2R,3R,5S,6R)-2,3,4,5,6-PENTAHYDROXYCYCLOHEXYL]OXY}PHOSPHORYL)OXY]-1-[(PALMITOYLOXY)METHYL]ETHYL HEPTADECANOATE",PII,CD1,A,B,23.902,TRBV19,TRAV11,,,IMMUNE SYSTEM,01/26/11,Crystal structure of mouse CD1d-alpha-phosphotidylinositol with mouse Valpha14-Vbeta6 2A3-D NKT TCR,mus musculus,mus musculus,,,mus musculus,mus musculus,mus musculus,"Clarke, A.J., Rossjohn, J.",2.3,X-RAY DIFFRACTION,0.275,0.247,,,,,True
3qib,D,C,,,abTCR,0,P,peptide,mcc peptide,,MH2,A,B,37.385,TRBV26,TRAV4,,,IMMUNE SYSTEM,01/26/11,Crystal structure of the 2B4 TCR in complex with MCC/I-Ek,mus musculus,homo sapiens,,,manduca sexta,mus musculus,mus musculus,"Ely, L.K., Newell, E.W., Davis, M.M., Garcia, K.C.",2.7,X-RAY DIFFRACTION,0.246,0.221,,,,,True
3qiu,D,C,,,abTCR,0,E,peptide,mcc peptide,,MH2,A,B,39.899,TRBV26,TRAV4,,,IMMUNE SYSTEM,01/27/11,Crystal structure of the 226 TCR in complex with MCC/I-Ek,mus musculus,mus musculus,,,manduca sexta,mus musculus,mus musculus,"Kruse, A.C., Ely, L.K., Newell, E.W., Davis, M.M., Garcia, K.C.",2.7,X-RAY DIFFRACTION,0.254,0.215,,,,,True
3qiw,D,C,,,abTCR,0,E,peptide,mcc-p5e peptide,,MH2,A,B,40.885,TRBV26,TRAV4,,,IMMUNE SYSTEM,01/27/11,Crystal structure of the 226 TCR in complex with MCC-p5E/I-Ek,mus musculus,manduca sexta,,,mus musculus,mus musculus,mus musculus,"Kruse, A.C., Ely, L.K., Newell, E.W., Davis, M.M., Garcia, K.C.",3.3,X-RAY DIFFRACTION,0.267,0.212,,,,,True
3qux,D,C,,,abTCR,0,A,Hapten,"N-[(3S,4S,5R)-4,5-DIHYDROXY-1-[(2R,3R,4R,5R,6R)-3,4,5-TRIHYDROXY-6-(HYDROXYMETHYL)OXAN-2-YL]NONADECAN-3-YL]HEXACOSANAMIDE",QUX,CD1,A,B,25.713,TRBV13,TRAV11,,,IMMUNE SYSTEM,02/24/11,Structure of the mouse CD1d-alpha-C-GalCer-iNKT TCR complex,mus musculus,mus musculus,,,mus musculus,mus musculus,mus musculus,"Li, Y., Girardi, E., Yu, E.D., Zajonc, D.M.",2.91,X-RAY DIFFRACTION,0.252,0.208,,,,,True
3quy,D,C,,,abTCR,0,A,Hapten,"(2S,3R,4S,5R,6S)-6-[(2S,3S,4R)-2-(HEXACOSANOYLAMINO)-3,4-DIHYDROXY-OCTADECOXY]-3,4,5-TRIHYDROXY-N-(PHENYLMETHYL)OXANE-2-CARBOXAMIDE",QUY,CD1,A,B,25.367,TRBV13,TRAV11,,,IMMUNE SYSTEM,02/24/11,Structure of the mouse CD1d-BnNH-GSL-1'-iNKT TCR complex,mus musculus,mus musculus,,,mus musculus,mus musculus,mus musculus,"Li, Y., Girardi, E., Yu, E.D., Zajonc, D.M.",2.25,X-RAY DIFFRACTION,0.231,0.19,,,,,True
3quz,D,C,,,abTCR,0,A,Hapten,"N-[(2S,3S,4R)-1-({6-DEOXY-6-[(NAPHTHALEN-1-YLCARBAMOYL)AMINO]-ALPHA-D-GALACTOPYRANOSYL}OXY)-3,4-DIHYDROXYOCTADECAN-2-YL]HEXACOSANAMIDE",QUV,CD1,A,B,24.71,TRBV13,TRAV11,,,IMMUNE SYSTEM,02/24/11,Structure of the mouse CD1d-NU-alpha-GalCer-iNKT TCR complex,mus musculus,mus musculus,,,mus musculus,mus musculus,mus musculus,"Li, Y., Girardi, E., Yu, E.D., Zajonc, D.M.",2.3,X-RAY DIFFRACTION,0.233,0.192,,,,,True
3rgv,B,A,,,abTCR,0,E,peptide,peptide,,MH1,C,D,52.62,TRBV13,TRAV6,,,IMMUNE SYSTEM,2004/9/11,A single TCR bound to MHCI and MHC II reveals switchable TCR conformers,mus musculus,mus musculus,,,mus musculus,mus musculus,mus musculus,"Dai, S., Huseby, E., Scott-Browne, J., Rubtsova, K., Pinilla, C., Crawford, F., Marrack, P., Yin, L., Kappler, J.W.",2.9,X-RAY DIFFRACTION,0.254,0.202,,,,,True
3rtq,D,C,,,abTCR,0,A,Hapten,"N-[(2S,3S,4R)-3,4-DIHYDROXY-1-{[(1S,2S,3R,4R,5S)-2,3,4,5-TETRAHYDROXYCYCLOHEXYL]AMINO}OCTADECAN-2-YL]HEXACOSANAMIDE",H4S,CD1,A,B,26.518,TRBV13,TRAV11,,,IMMUNE SYSTEM,2005/3/11,Structure of the mouse CD1d-HS44-iNKT TCR complex,mus musculus,mus musculus,,,mus musculus,mus musculus,mus musculus,"Yu, E.D., Zajonc, D.M.",2.8,X-RAY DIFFRACTION,0.268,0.227,,,,,True
3rzc,D,C,,,abTCR,0,A,Hapten,"N-[(2S,3R,4E)-1-{[ALPHA-D-GALACTOPYRANOSYL-(1->3)-BETA-D-GALACTOPYRANOSYL-(1->4)-BETA-D-GLUCOPYRANOSYL]OXY}-3-HYDROXYOCTADEC-4-EN-2-YL]HEXACOSANAMIDE",LGN,CD1,A,B,25.309,TRBV13,TRAV11,,,IMMUNE SYSTEM,2005/11/11,Structure of the self-antigen iGb3 bound to mouse CD1d and in complex with the iNKT TCR,"mus musculus, homo sapiens","mus musculus, homo sapiens",,,mus musculus,mus musculus,mus musculus,"Yu, E.D., Girardi, E., Wang, J., Zajonc, D.M.",2.8,X-RAY DIFFRACTION,0.271,0.236,,,,,True
3scm,D,C,,,abTCR,0,A,Hapten,"N-[(2S,3R,4E)-1-{[ALPHA-D-GALACTOPYRANOSYL-(1->3)-BETA-D-GALACTOPYRANOSYL-(1->4)-BETA-D-GLUCOPYRANOSYL]OXY}-3-HYDROXYOCTADEC-4-EN-2-YL]HEXACOSANAMIDE",LGN,CD1,A,B,24.474,TRBV19,TRAV11,,,IMMUNE SYSTEM,2006/8/11,Crystal structure of autoreactive-Valpha14-Vbeta6 NKT TCR in complex with CD1d-isoglobotrihexosylceramide,"mus musculus , homo sapiens","mus musculus , homo sapiens",,,mus musculus,mus musculus,mus musculus,"Clarke, A.J., Rossjohn, J.",2.5,X-RAY DIFFRACTION,0.318,0.273,,,,,True
3sda,D,C,,,abTCR,0,A,Hapten,"N-[(2S,3R)-1-(BETA-D-GALACTOPYRANOSYLOXY)-3-HYDROXYOCTADEC-4-EN-2-YL]TETRACOSANAMIDE",GCY,CD1,A,B,24.345,TRBV19,TRAV11,,,IMMUNE SYSTEM,2006/8/11,Crystal structure of autoreactive-Valpha14-Vbeta6 NKT TCR in complex with CD1d-beta-galactosylceramide,"mus musculus , homo sapiens","mus musculus , homo sapiens",,,mus musculus,mus musculus,mus musculus,"Clarke, A.J., Rossjohn, J.",2.8,X-RAY DIFFRACTION,0.312,0.272,,,,,True
3sdc,D,C,,,abTCR,0,A,Hapten,"N-[(2S,3R,4E)-1-{[ALPHA-D-GALACTOPYRANOSYL-(1->4)-BETA-D-GALACTOPYRANOSYL-(1->4)-BETA-D-GLUCOPYRANOSYL]OXY}-3-HYDROXYOCTADEC-4-EN-2-YL]HEXACOSANAMIDE",3GB,CD1,A,B,24.219,TRBV19,TRAV11,,,IMMUNE SYSTEM,2006/9/11,Crystal structure of autoreactive-Valpha14-Vbeta6 NKT TCR in complex with CD1d-globotrihexosylceramide,"mus musculus , homo sapiens","mus musculus , homo sapiens",,,mus musculus,mus musculus,mus musculus,"Clarke, A.J., Rossjohn, J.",3.1,X-RAY DIFFRACTION,0.292,0.24,,,,,True
3sdd,D,C,,,abTCR,0,A,Hapten,"N-[(2S,3R,4E)-1-{[4-O-(BETA-D-GALACTOPYRANOSYL)-BETA-D-GLUCOPYRANOSYL]OXY}-3-HYDROXYOCTADEC-4-EN-2-YL]DOCOSANAMIDE",3GD,CD1,A,B,24.785,TRBV19,TRAV11,,,IMMUNE SYSTEM,2006/9/11,Crystal structure of autoreactive-Valpha14-Vbeta6 NKT TCR in complex with CD1d-beta-lactosylceramide,"mus musculus , homo sapiens","mus musculus , homo sapiens",,,mus musculus,mus musculus,mus musculus,"Clarke, A.J., Rossjohn, J.",3.0,X-RAY DIFFRACTION,0.318,0.258,,,,,True
3ta3,D,C,,,abTCR,0,A,Hapten,(2S)-1-(ALPHA-D-GLUCOPYRANOSYLOXY)-3-(HEXADECANOYLOXY)PROPAN-2-YL (11Z)-OCTADEC-11-ENOATE,3TF,CD1,A,B,25.558,TRBV13,TRAV11,,,IMMUNE SYSTEM,2008/3/11,Structure of the mouse CD1d-Glc-DAG-s2-iNKT TCR complex,"mus musculus, homo sapiens","mus musculus, homo sapiens",,,mus musculus,mus musculus,mus musculus,"Girardi, E., Yu, E.D., Zajonc, D.M.",2.7,X-RAY DIFFRACTION,0.256,0.205,,,,,True
3tfk,D,C,,,abTCR,0,B,peptide,p4b10 peptide,,MH1,A,,45.572,TRBV13,TRAV9,,,IMMUNE SYSTEM,08/15/11,42F3-p4B10/H2-Ld,"mus musculus, homo sapiens","mus musculus, homo sapiens",,,,mus musculus,,"Adams, J.J., Kranz, D.M., Garcia, K.C.",2.753,X-RAY DIFFRACTION,0.291,0.247,,,,,True
3tjh,D,C,,,abTCR,0,B,peptide,p3a1,,MH1,A,,22.417,TRBV13,TRAV9,,,IMMUNE SYSTEM,08/24/11,42F3-p3A1/H2-Ld complex,"mus musculus, homo sapiens","mus musculus, homo sapiens",,,,mus musculus,,"Adams, J.J., Kruse, A., Kranz, D.M., Garcia, K.C.",2.12,X-RAY DIFFRACTION,0.237,0.206,,,,,True
3tn0,D,C,,,abTCR,0,A,Hapten,"N-[(3S,4S,5R)-4,5-DIHYDROXY-1-[(2R,3R,4R,5R,6R)-3,4,5-TRIHYDROXY-6-(HYDROXYMETHYL)OXAN-2-YL]NONADECAN-3-YL]HEXACOSANAMIDE",QUX,CD1,A,B,24.082,TRBV13,TRAV11,,,IMMUNE SYSTEM,2009/1/11,Structure of mouse Va14Vb8.2NKT TCR-mouse CD1d-a-C-Galactosylceramide complex,"homo sapiens, mus musculus","homo sapiens, mus musculus",,,mus musculus,mus musculus,mus musculus,"Patel, O., Rossjohn, J.",3.2,X-RAY DIFFRACTION,0.289,0.225,,,,,True
3to4,D,C,,,abTCR,0,A,carbohydrate,"N-{(1S,2R,3S)-1-[(ALPHA-D-GALACTOPYRANOSYLOXY)METHYL]-2,3-DIHYDROXYHEPTADECYL}HEXACOSANAMIDE",AGH,CD1,A,B,27.549,TRBV1,TRAV11,,,IMMUNE SYSTEM,2009/4/11,Structure of mouse Valpha14Vbeta2-mouseCD1d-alpha-Galactosylceramide,"homo sapiens, mus musculus","homo sapiens, mus musculus",,,mus musculus,mus musculus,mus musculus,"Patel, O., Rossjohn, J.",3.1,X-RAY DIFFRACTION,0.268,0.217,,,,,True
3tzv,H,G,,,abTCR,0,C,Hapten,"(4R,7R,18E)-4,7-DIHYDROXY-N,N,N-TRIMETHYL-10-OXO-3,5,9-TRIOXA-4-PHOSPHAHEPTACOS-18-EN-1-AMINIUM 4-OXIDE",LSC,CD1,C,D,22.983,TRBV25,TRAV10,,,IMMUNE SYSTEM,09/27/11,Crystal structure of an iNKT TCR in complex with CD1d-lysophosphatidylcholine,homo sapiens,homo sapiens,,,homo sapiens,homo sapiens,homo sapiens,"Lopez-Sagaseta, J., Adams, E.J.",3.056,X-RAY DIFFRACTION,0.289,0.236,,,,,True
3vwj,D,C,,,abTCR,0,A,Hapten,"(11Z,14E)-N-[(2S,3S,4R)-1-(ALPHA-D-GALACTOPYRANOSYLOXY)-3,4-DIHYDROXYOCTADECAN-2-YL]ICOSA-11,14-DIENAMIDE",DB3,CD1,A,B,30.774,TRBV25,TRAV10,,,IMMUNE SYSTEM,08/24/12,Ternary crystal structure of the human NKT TCR-CD1d-C20:2 complex,homo sapiens,homo sapiens,,,homo sapiens,homo sapiens,homo sapiens,"Wun, K.S., Rossjohn, J.",3.093,X-RAY DIFFRACTION,0.292,0.228,,,,,True
3vwk,D,C,,,abTCR,0,A,Hapten,"N-{(2S,3R)-1-[(4-DEOXY-ALPHA-D-XYLO-HEXOPYRANOSYL)OXY]-3-HYDROXYOCTADECAN-2-YL}HEXACOSANAMIDE",4GH,CD1,A,B,32.756,TRBV25,TRAV10,,,IMMUNE SYSTEM,08/24/12,Ternary crystal structure of the human NKT TCR-CD1d-4'deoxy-alpha-galactosylceramide complex,homo sapiens,homo sapiens,,,homo sapiens,homo sapiens,homo sapiens,"Wun, K.S., Rossjohn, J.",2.935,X-RAY DIFFRACTION,0.25,0.191,,,,,True
3vxm,E,D,,,abTCR,0,C,peptide,10-mer peptide from protein nef,,MH1,A,B,49.624,TRBV4,TRAV8,,,IMMUNE SYSTEM,09/20/12,The complex between C1-28 TCR and HLA-A24 bound to HIV-1 Nef134-10(2F) peptide,homo sapiens,homo sapiens,,,human immunodeficiency virus 1,homo sapiens,homo sapiens,"Shimizu, A., Fukai, S., Yamagata, A., Iwamoto, A.",2.5,X-RAY DIFFRACTION,0.267,0.209,,,,,True
3vxr,E,D,,,abTCR,0,C,peptide,10-mer peptide from protein nef,,MH1,A,B,51.107,TRBV7,TRAV21,,,IMMUNE SYSTEM,09/20/12,The complex between H27-14 TCR and HLA-A24 bound to HIV-1 Nef134-10(wt) peptide,homo sapiens,homo sapiens,,,human immunodeficiency virus 1,homo sapiens,homo sapiens,"Shimizu, A., Fukai, S., Yamagata, A., Iwamoto, A.",2.4,X-RAY DIFFRACTION,0.242,0.199,,,,,True
3vxs,E,D,,,abTCR,0,C,peptide,10-mer peptide from protein nef,,MH1,A,B,53.683,TRBV7,TRAV21,,,IMMUNE SYSTEM,09/20/12,The complex between H27-14 TCR and HLA-A24 bound to HIV-1 Nef134-10(6L) peptide,homo sapiens,homo sapiens,,,human immunodeficiency virus 1,homo sapiens,homo sapiens,"Shimizu, A., Fukai, S., Yamagata, A., Iwamoto, A.",1.8,X-RAY DIFFRACTION,0.23,0.201,,,,,True
3w0w,E,D,,,abTCR,0,C,peptide,10-mer peptide from protein nef,,MH1,A,B,,TRBV27,TRAV12,,,IMMUNE SYSTEM,2011/5/12,The complex between T36-5 TCR and HLA-A24 bound to HIV-1 Nef134-10(2F) peptide in space group P212121,homo sapiens,homo sapiens,,,human immunodeficiency virus 1,homo sapiens,homo sapiens,"Shimizu, A., Fukai, S., Yamagata, A., Iwamoto, A.",2.603,X-RAY DIFFRACTION,0.25,0.186,,,,,True
4apq,D,C,,,abTCR,0,A,Hapten,"(15Z)-N-((1S,2R,3E)-2-HYDROXY-1-{[(3-O-SULFO-BETA-D-GALACTOPYRANOSYL)OXY]METHYL}HEPTADEC-3-ENYL)TETRACOS-15-ENAMIDE",CIS,CD1,A,B,24.615,TRBV19,TRAV11,,,IMMUNE SYSTEM,2004/5/12,Crystal structure of autoreactive-Valpha14-Vbeta6 NKT TCR in complex with CD1d-sulfatide,mus musculus,mus musculus,,,mus musculus,mus musculus,mus musculus,"Clarke, A.J., Le Nours, J., Rossjohn, J.",3.0,X-RAY DIFFRACTION,0.232,0.178,,,,,True
4en3,B,A,,,abTCR,0,C,carbohydrate,"N-{(1S,2R,3S)-1-[(ALPHA-D-GALACTOPYRANOSYLOXY)METHYL]-2,3-DIHYDROXYHEPTADECYL}HEXACOSANAMIDE",AGH,CD1,C,D,21.296,TRBV25,TRAV17,,,IMMUNE SYSTEM,2004/12/12,Crystal structure of a human Valpha24(-) NKT TCR in complex with CD1d/alpha-galactosylceramide,homo sapiens,homo sapiens,,,homo sapiens,homo sapiens,homo sapiens,"Lopez-Sagaseta, J., Adams, E.J.",2.568,X-RAY DIFFRACTION,0.266,0.208,,,,,True
4ftv,E,D,,,abTCR,0,C,peptide,protein tax-1,,MH1,A,B,34.205,TRBV6,TRAV12,,,IMMUNE SYSTEM,06/28/12,The complex between the high affinity version of A6 TCR (A6c134) and human Class I MHC HLA-A2 with the bound TAX nonameric peptide,homo sapiens,homo sapiens,,,human t-cell lymphotropic virus type 1 (africanisolate) ,homo sapiens,homo sapiens,"Borbulevych, O.Y., Baker, B.M.",2.74,X-RAY DIFFRACTION,0.26,0.216,,,,,True
4g8g,E,D,,,abTCR,0,C,peptide,p24,,MH1,A,B,41.186,TRBV6,TRAV14,,,IMMUNE SYSTEM,07/23/12,Crystal Structure of C12C TCR-HA B2705-KK10,homo sapiens,homo sapiens,,,human immunodeficiency virus 1,homo sapiens,homo sapiens,"Gras, S., Wilmann, P.G., Rossjohn, J.",2.4,X-RAY DIFFRACTION,0.257,0.178,,,,,True
4g9f,E,D,,,abTCR,0,C,peptide,gag protein,,MH1,A,B,41.591,TRBV6,TRAV14,,,IMMUNE SYSTEM,07/23/12,Crystal Structure of C12C TCR-HLAB2705-KK10-L6M,homo sapiens,homo sapiens,,,human immunodeficiency virus 1,homo sapiens,homo sapiens,"Gras, S., Wilmann, P.G., Rossjohn, J.",1.9,X-RAY DIFFRACTION,0.238,0.187,,,,,True
4iiq,B,A,,,abTCR,0,C,protein,"beta-2-microglobulin, mhc class i-related protein",,,,,,TRBV6,TRAV1,,,IMMUNE SYSTEM,12/20/12,Crystal structure of a human MAIT TCR in complex with bovine MR1,homo sapiens,homo sapiens,,,bos taurus,,,"Lopez-Sagaseta, J., Adams, E.J.",2.86,X-RAY DIFFRACTION,0.271,0.213,,,,,True
4irj,D,C,,,abTCR,0,A,Hapten,"N-[(2S,3S,4R)-1-({6-O-[(4-chlorophenyl)carbamoyl]-alpha-D-galactopyranosyl}oxy)-3,4-dihydroxyoctadecan-2-yl]hexacosanamide",1L9,CD1,A,B,25.092,TRBV13,TRAV11,,,IMMUNE SYSTEM,01/14/13,Structure of the mouse CD1d-4ClPhC-alpha-GalCer-iNKT TCR complex,"mus musculus, homo sapiens","mus musculus, homo sapiens",,,mus musculus,mus musculus,mus musculus,"Nemcovic, M., Zajonc, D.M.",3.0,X-RAY DIFFRACTION,0.228,0.186,,,,,True
4irs,D,C,,,abTCR,0,A,Hapten,"N-[(2S,3S,4R)-3,4-dihydroxy-1-{[6-O-(pyridin-4-ylcarbamoyl)-alpha-D-galactopyranosyl]oxy}octadecan-2-yl]hexacosanamide",1LA,CD1,A,B,25.613,TRBV13,TRAV11,,,IMMUNE SYSTEM,01/15/13,Structure of the mouse CD1d-PyrC-alpha-GalCer-iNKT TCR complex,"mus musculus, homo sapiens","mus musculus, homo sapiens",,,mus musculus,mus musculus,mus musculus,"Nemcovic, M., Zajonc, D.M.",2.8,X-RAY DIFFRACTION,0.239,0.19,,,,,True
4jfd,E,D,,,abTCR,0,C,peptide,melanoma peptide,,MH1,A,B,42.674,TRBV30,TRAV12,,,IMMUNE SYSTEM,02/28/13,Preservation of peptide specificity during TCR-MHC contact dominated affinity enhancement of a melanoma-specific TCR,homo sapiens,homo sapiens,,,,homo sapiens,homo sapiens,"Rizkallah, P.J., Cole, D.K., Madura, F., Sewell, A.K.",2.46,X-RAY DIFFRACTION,0.248,0.202,,,,,True
4jfe,E,D,,,abTCR,0,C,peptide,melanoma peptide l7a,,MH1,A,B,42.798,TRBV30,TRAV12,,,IMMUNE SYSTEM,02/28/13,Preservation of peptide specificity during TCR-MHC contact dominated affinity enhancement of a melanoma-specific TCR,homo sapiens,homo sapiens,,,,homo sapiens,homo sapiens,"Rizkallah, P.J., Cole, D.K., Madura, F., Sewell, A.K.",2.7,X-RAY DIFFRACTION,0.25,0.202,,,,,True
4jff,E,D,,,abTCR,0,C,peptide,melanoma motif,,MH1,A,B,42.977,TRBV30,TRAV12,,,IMMUNE SYSTEM,02/28/13,Preservation of peptide specificity during TCR-MHC contact dominated affinity enhancement of a melanoma-specific TCR,homo sapiens,homo sapiens,,,homo sapiens,homo sapiens,homo sapiens,"Rizkallah, P.J., Cole, D.K., Madura, F., Sewell, A.K.",2.43,X-RAY DIFFRACTION,0.263,0.21,,,,,True
4jrx,E,D,,,abTCR,0,C,peptide,trans-activator protein bzlf1,,MH1,A,B,67.964,TRBV6,TRAV19,,,IMMUNE SYSTEM,03/22/13,Crystal Structure of CA5 TCR-HLA B*3505-LPEP complex,homo sapiens,homo sapiens,,,human herpesvirus 4,homo sapiens,homo sapiens,"Liu, Y.C., Rossjohn, J., Gras, S.",2.3,X-RAY DIFFRACTION,0.257,0.205,,,,,True
4jry,E,D,,,abTCR,0,C,peptide,trans-activator protein bzlf1,,MH1,A,B,63.754,TRBV5,TRAV39,,,IMMUNE SYSTEM,03/22/13,Crystal Structure of SB47 TCR-HLA B*3505-LPEP complex,homo sapiens,homo sapiens,,,human herpesvirus 4,homo sapiens,homo sapiens,"Liu, Y.C., Rossjohn, J., Gras, S.",2.8,X-RAY DIFFRACTION,0.233,0.2,,,,,True
4l3e,E,D,,,abTCR,0,C,peptide,melanoma antigen recognized by t-cells 1,,MH1,A,B,32.607,TRBV6,TRAV12,,,IMMUNE SYSTEM,2006/5/13,"The complex between high affinity TCR DMF5(alpha-D26Y,beta-L98W) and human Class I MHC HLA-A2 with the bound MART-1(26-35)(A27L) peptide",homo sapiens,homo sapiens,,,homo sapiens,homo sapiens,homo sapiens,"Hellman, L.M.",2.557,X-RAY DIFFRACTION,0.266,0.229,,,,,True
4l8s,B,A,,,abTCR,0,C,protein,"beta-2-microglobulin, mhc class i-related protein",,,,,,TRBV6,TRAV1,,,IMMUNE SYSTEM,06/17/13,Crystal structure of a human Valpha7.2/Vbeta13.3 MAIT TCR in complex with bovine MR1,homo sapiens,homo sapiens,,,bos taurus,,,"Lopez-Sagaseta, J., Adams, E.J.",2.9,X-RAY DIFFRACTION,0.278,0.228,,,,,True
4mnq,E,D,,,abTCR,0,C,peptide,telomerase reverse transcriptase,,MH1,A,B,43.052,TRBV6,TRAV22,,,IMMUNE SYSTEM,2009/11/13,TCR-peptide specificity overrides affinity enhancing TCR-MHC interactions,homo sapiens,"pan troglodytes, homo sapiens",,,homo sapiens,homo sapiens,homo sapiens,"Rizkallah, P.J., Cole, D.K., Sewell, A.K., Jakobsen, B.K.",2.742,X-RAY DIFFRACTION,0.284,0.214,,,,,True
4ms8,D,C,,,abTCR,0,B,peptide,pcpb9,,MH1,A,,66.268,TRBV13,TRAV9,,,IMMUNE SYSTEM,09/18/13,42F3 TCR pCPB9/H-2Ld Complex,mus musculus,mus musculus,,,,mus musculus,,"Birnbaum, M.E., Adams, J.J., Garcia, K.C.",1.922,X-RAY DIFFRACTION,0.219,0.181,,,,,True
4mvb,D,C,,,abTCR,0,B,peptide,pcpb7,,MH1,A,,58.425,TRBV13,TRAV9,,,IMMUNE SYSTEM,09/23/13,42F3 pCPB7/H-2Ld Complex,"mus musculus, homo sapiens","mus musculus, homo sapiens",,,,mus musculus,,"Birnbaum, M.E., Adams, J.J., Garcia, K.C.",3.088,X-RAY DIFFRACTION,0.279,0.231,,,,,True
4mxq,D,C,,,abTCR,0,B,peptide,pcpc5,,MH1,A,,47.771,TRBV13,TRAV9,,,IMMUNE SYSTEM,09/26/13,42F3 TCR pCPC5/H-2Ld Complex,"mus musculus, homo sapiens","mus musculus, homo sapiens",,,,mus musculus,,"Birnbaum, M.E., Adams, J.J., Garcia, K.C.",2.596,X-RAY DIFFRACTION,0.24,0.211,,,,,True
4n5e,D,C,,,abTCR,0,B,peptide,pcpa12,,MH1,A,,45.286,TRBV13,TRAV9,,,IMMUNE SYSTEM,2010/9/13,42F3 TCR pCPA12/H-2Ld complex,"mus musculus, homo sapiens","mus musculus, homo sapiens",,,,mus musculus,,"Birnbaum, M.E., Adams, J.J., Garcia, K.C.",3.059,X-RAY DIFFRACTION,0.227,0.194,,,,,True
4ozf,H,G,,,abTCR,0,J,peptide,deamidated gliadin-alpha2 peptide,,MH2,A,B,46.659,TRBV7,TRAV26,,,IMMUNE SYSTEM,02/15/14,JR5.1 protein complex,homo sapiens,homo sapiens,,,triticum aestivum,homo sapiens,homo sapiens,"Petersen, J., Reid, H.H., Rossjohn, J.",2.7,X-RAY DIFFRACTION,0.238,0.184,,,,,True
4p2o,D,C,,,abTCR,0,P,peptide,2a peptide,,MH2,A,B,39.434,TRBV26,TRAV4,,,IMMUNE SYSTEM,2003/4/14,Crystal structure of the 2B4 TCR in complex with 2A/I-Ek,mus musculus,mus musculus,,,synthetic construct,mus musculus,mus musculus,"Birnbaum, M.E., Ozkan, E., Garcia, K.C.",2.603,X-RAY DIFFRACTION,0.245,0.189,,,,,True
4pj8,D,C,,,abTCR,0,A,Hapten,"1-DEOXY-1-({2,6-DIOXO-5-[(E)-(2-OXOPROPYLIDENE)AMINO]-1,2,3,6-TETRAHYDROPYRIMIDIN-4-YL}AMINO)-D-RIBITOL",2LJ,MR1,A,B,53.525,TRBV20,TRAV1,,,IMMUNE SYSTEM,2005/12/14,Structure of human MR1-5-OP-RU in complex with human MAIT TRBV20 TCR,homo sapiens,homo sapiens,,,homo sapiens,homo sapiens,homo sapiens,"Birkinshaw, R.W., Rossjohn, J.",3.3,X-RAY DIFFRACTION,0.213,0.163,,,,,True
4pj9,D,C,,,abTCR,0,A,Hapten,"1-DEOXY-1-({2,6-DIOXO-5-[(E)-(2-OXOPROPYLIDENE)AMINO]-1,2,3,6-TETRAHYDROPYRIMIDIN-4-YL}AMINO)-D-RIBITOL",2LJ,MR1,A,B,57.047,TRBV6,TRAV1,,,IMMUNE SYSTEM,2005/12/14,Structure of human MR1-5-OP-RU in complex with human MAIT TRAJ20 TCR,homo sapiens,homo sapiens,,,homo sapiens,homo sapiens,homo sapiens,"Birkinshaw, R.W., Rossjohn, J.",2.0,X-RAY DIFFRACTION,0.199,0.172,,,,,True
4pji,H,G,,,abTCR,0,A,Hapten,"N-(6-FORMYL-4-OXO-3,4-DIHYDROPTERIDIN-2-YL)ACETAMIDE",30W,MR1,A,B,60.834,TRBV6,TRAV1,,,Immune System,2005/12/14,Structure of human MR1-Ac-6-FP in complex with human MAIT C-C10 TCR,homo sapiens,homo sapiens,,,homo sapiens,homo sapiens,homo sapiens,"Birkinshaw, R.W., Rossjohn, J.",2.5,X-RAY DIFFRACTION,0.228,0.188,,,,,True
4prh,E,D,,,abTCR,0,C,peptide,epstein-barr nuclear antigen 1,,MH1,A,,44.372,TRBV9,TRAV20,,,IMMUNE SYSTEM,2003/5/14,Crystal structure of TK3 TCR-HLA-B*35:08-HPVG-D5 complex,homo sapiens,homo sapiens,,,human herpesvirus 4,homo sapiens,,"Yu Chih, L., Rossjohn, J., Gras, S.",2.5,X-RAY DIFFRACTION,0.253,0.212,,,,,True
4pri,E,D,,,abTCR,0,C,peptide,epstein-barr nuclear antigen 1,,MH1,A,B,42.699,TRBV9,TRAV20,,,IMMUNE SYSTEM,2003/5/14,Crystal structure of TK3 TCR-HLA-B*35:08-HPVG complex,homo sapiens,homo sapiens,,,human herpesvirus 4,homo sapiens,homo sapiens,"Yu Chih, L., Rossjohn, J., Gras, S.",2.4,X-RAY DIFFRACTION,0.261,0.213,,,,,True
4prp,E,D,,,abTCR,0,C,peptide,epstein-barr nuclear antigen 1,,MH1,A,B,42.431,TRBV9,TRAV20,,,IMMUNE SYSTEM,2003/6/14,Crystal structure of TK3 TCR-HLA-B*35:01-HPVG-Q5 complex,homo sapiens,homo sapiens,,,human herpesvirus 4,homo sapiens,homo sapiens,"Yu Chih, L., Rossjohn, J., Gras, S.",2.5,X-RAY DIFFRACTION,0.229,0.18,,,,,True
4qok,E,D,,,abTCR,0,C,peptide,melanoma antigen recognized by t-cells 1 marker peptide,,MH1,A,B,47.655,TRBV30,TRAV12,,,IMMUNE SYSTEM,06/20/14,Structural basis for ineffective T-cell responses to MHC anchor residue improved heteroclitic peptides,homo sapiens,homo sapiens,,,homo sapiens,homo sapiens,homo sapiens,"Rizkallah, P.J., Cole, D.K., Madura, F., Sewell, A.K.",3.0,X-RAY DIFFRACTION,0.262,0.203,,,,,True
4qrr,E,D,,,abTCR,0,P,peptide,"ips peptide from cmv, ipsinvhhy",,MH1,A,B,39.816,TRBV5,,,,IMMUNE SYSTEM,2007/2/14,"Crystal Structure of HLA B*3501-IPS in complex with a Delta-Beta TCR, clone 12 TCR",homo sapiens,homo sapiens,,,human herpesvirus 5,homo sapiens,homo sapiens,"Gras, S., Chabrol, E., Rossjohn, J.",3.0,X-RAY DIFFRACTION,0.258,0.21,,,,,True
4udu,B,A,,,abTCR,0,C,protein,enterotoxin type e,,,,,,TRBV7,TRAV22,,,IMMUNE SYSTEM,2012/11/14,Crystal structure of staphylococcal enterotoxin E in complex with a T cell receptor,homo sapiens,homo sapiens,,,staphylococcus aureus,,,"Rodstrom, K.E.J., Regenthal, P., Lindkvist-Petersson, K.",2.5,X-RAY DIFFRACTION,0.255,0.246,,,,,True
4wo4,D,C,,,abTCR,0,A,Hapten,"(15Z)-N-[(2S,3S,4R)-1-(alpha-D-galactopyranosyloxy)-3,4-dihydroxyoctadecan-2-yl]tetracos-15-enamide",JLS,CD1,A,B,50.012,TRBV20,,,,IMMUNE SYSTEM,10/15/14,The molecular bases of Delta/Alpha beta T cell-mediated antigen recognition.,homo sapiens,homo sapiens,,,homo sapiens,homo sapiens,homo sapiens,"Pellicci, D.G., Uldrich, A.P., Le Nours, J., Ross, F., Chabrol, E., Eckle, S.B.G., de Boer, R., Lim, R.T., McPherson, K., Besra, G., Howell, A.R., Moretta, L., McCluskey, J., Heemskerk, M.H.M., Gras, S., Rossjohn, J., Godfrey, D.I.",2.5,X-RAY DIFFRACTION,0.237,0.194,,,,,True
4ww2,B,A,,,abTCR,0,C,Hapten,"(15Z)-N-[(2S,3S,4R)-1-(alpha-D-galactopyranosyloxy)-3,4-dihydroxyoctadecan-2-yl]tetracos-15-enamide",JLS,CD1,C,F,54.124,TRBV7,TRAV21,,,IMMUNE SYSTEM,2011/10/14,"Crystal structure of human TCR Alpha Chain-TRAV21-TRAJ8, Beta Chain-TRBV7-8, Antigen-presenting glycoprotein CD1d, and Beta-2-microglobulin",homo sapiens,homo sapiens,,,homo sapiens,homo sapiens,homo sapiens,"Le Nours, J., Praveena, T., Pellicci, D., Gherardin, N.A., Lim, R.T., Besra, G., Keshipeddy, S., Richardson, S.K., Howell, A.R., Gras, S., Godfrey, D.I., Rossjohn, J., Uldrich, A.P.",2.48,X-RAY DIFFRACTION,0.244,0.196,,,,,True
4wwk,B,A,,,abTCR,0,C,Hapten,"(15Z)-N-[(2S,3S,4R)-1-(alpha-D-galactopyranosyloxy)-3,4-dihydroxyoctadecan-2-yl]tetracos-15-enamide",JLS,CD1,C,D,86.814,TRBV6,TRAV12,,,IMMUNE SYSTEM,2011/11/14,"Crystal structure of human TCR Alpha Chain-TRAV12-3, Beta Chain-TRBV6-5, Antigen-presenting molecule CD1d, and Beta-2-microglobulin",homo sapiens,homo sapiens,,,homo sapiens,homo sapiens,homo sapiens,"Le Nours, J., Praveena, T., Pellicci, D.G., Gherardin, N.A., Lim, R.T., Besra, G., Keshipeddy, A., Richardson, S.K., Howell, A.R., Gras, S., Godfrey, D.I., Rossjohn, J., Uldrich, A.P.",3.1,X-RAY DIFFRACTION,0.256,0.195,,,,,True
4y16,D,C,,,abTCR,0,A,Hapten,"N-[(2S,3S,4R)-3,4-dihydroxy-1-{[6-O-(naphthalen-1-ylcarbamoyl)-alpha-D-galactopyranosyl]oxy}octadecan-2-yl]hexacosanamide",48G,CD1,A,B,24.533,TRBV13,TRAV11,,,IMMUNE SYSTEM,2006/3/15,Crystal structure of the mCD1d/NC-aGC/iNKTCR ternary complex,"mus musculus, homo sapiens","mus musculus, homo sapiens",,,mus musculus,mus musculus,mus musculus,"Zajonc, D.M., Nemcovic, M.",2.6,X-RAY DIFFRACTION,0.244,0.211,,,,,True
4y19,E,D,,,abTCR,0,C,peptide,insulin,,MH2,A,B,136.732,TRBV6,TRAV29,,,IMMUNE SYSTEM,2002/7/15,immune complex,homo sapiens,homo sapiens,,,homo sapiens,homo sapiens,homo sapiens,"Beringer, D.X., Petersen, J., Reid, H.H., Rossjohn, J.",2.5,X-RAY DIFFRACTION,0.196,0.16,,,,,True
4y1a,E,D,,,abTCR,0,C,peptide,insulin,,MH2,A,B,137.39,TRBV6,TRAV29,,,IMMUNE SYSTEM,2002/7/15,immune complex,homo sapiens,homo sapiens,,,homo sapiens,homo sapiens,homo sapiens,"Beringer, D.X., Vivian, J.P., Reid, H.H., Rossjohn, J.",4.0,X-RAY DIFFRACTION,0.283,0.225,,,,,True
4y4k,D,C,,,abTCR,0,A,Hapten,"(4Z)-9-[(1R,2R)-2-decylcyclopropyl]-N-[(2S,3S,4S)-1-(alpha-D-galactopyranosyloxy)-3,4-dihydroxyoctadecan-2-yl]non-4-enamide",49Y,CD1,A,B,25.342,TRBV13,TRAV11,,,IMMUNE SYSTEM,05/27/15,Crystal structure of the mCD1d/EF77/iNKTCR ternary complex,"mus musculus, homo sapiens","mus musculus, homo sapiens",,,mus musculus,mus musculus,mus musculus,"Zajonc, D.M., Birkholz, A.M.",2.9,X-RAY DIFFRACTION,0.267,0.207,,,,,True
4zak,D,C,,,abTCR,0,A,Hapten,"N-[(2S,3S,4R)-1-(alpha-D-galactopyranosyloxy)-3,4-dihydroxyoctadecan-2-yl]hexacosanethioamide",4LX,CD1,A,B,25.399,TRBV13,TRAV11,,,IMMUNE SYSTEM,04/13/15,Crystal structure of the mCD1d/DB06-1/iNKTCR ternary complex,"mus musculus, homo sapiens","mus musculus, homo sapiens",,,mus musculus,mus musculus,mus musculus,"Zajonc, D.M., Birkholz, A.M.",2.824,X-RAY DIFFRACTION,0.256,0.216,,,,,True
5brz,E,D,,,abTCR,0,C,peptide,glu-val-asp-pro-ile-gly-his-leu-tyr,,MH1,A,B,57.904,TRBV5,TRAV21,,,IMMUNE SYSTEM,2006/1/15,MAGE-A3 reactive TCR in complex with MAGE-A3 in HLA-A1,homo sapiens,homo sapiens,,,homo sapiens,homo sapiens,homo sapiens,"Raman, M.C.C., Rizkallah, P.J., Simmons, R., Donnellan, Z., Dukes, J., Bossi, G., LeProvost, G., Mahon, T., Hickman, E., LomaX, M., Oates, J., Hassan, N., Vuidepot, A., Sami, M., Cole, D.K., Jakobsen, B.K.",2.62,X-RAY DIFFRACTION,0.268,0.193,,,,,True
5bs0,E,D,,,abTCR,0,C,peptide,titin,,MH1,A,B,58.261,TRBV5,TRAV21,,,IMMUNE SYSTEM,2006/1/15,MAGE-A3 Reactive TCR in complex with Titin Epitope in HLA-A1,homo sapiens,homo sapiens,,,homo sapiens,homo sapiens,homo sapiens,"Raman, M.C.C., Rizkallah, P.J., Simmons, R., Donellan, Z., Dukes, J., Bossi, G., LeProvost, G., Mahon, T., Hickman, E., Lomax, M., Oates, J., Hassan, N., Vuidepot, A., Sami, M., Cole, D.K., Jakobsen, B.K.",2.4,X-RAY DIFFRACTION,0.262,0.203,,,,,True
5eu6,E,D,,,abTCR,0,C,peptide,tyr-leu-glu-pro-gly-pro-val-thr-val,,MH1,A,B,47.784,TRBV7,TRAV21,,,IMMUNE SYSTEM,11/18/15,HLA Class I antigen,homo sapiens,homo sapiens,,,synthetic construct,homo sapiens,homo sapiens,"Rizkallah, P.J., Bianchi, V., Cole, D.K., Sewell, A.K.",2.02,X-RAY DIFFRACTION,0.222,0.181,,,,,True
5fk9,B,A,,,abTCR,0,C,protein,enterotoxin type a,,,,,,TRBV7,TRAV22,,,IMMUNE SYSTEM,10/15/15,Crystal structure of staphylococcal enterotoxin A F47A mutant in complex with a T cell receptor,homo sapiens,homo sapiens,,,staphylococcus aureus,,,"Rodstrom, K.E.J., Regenthal, P., Lindkvist-Petersson, K.",3.1,X-RAY DIFFRACTION,0.2908,0.2571,,,,,True
5fka,B,A,,,abTCR,0,C,protein,staphylococcal enterotoxin e,,,,,,TRBV7,TRAV22,,,IMMUNE SYSTEM,10/15/15,Crystal structure of staphylococcal enterotoxin E in complex with a T cell receptor,homo sapiens,homo sapiens,,,staphylococcus aureus,,,"Rodstrom, K.E.J., Regenthal, P., Lindkvist-Petersson, K.",2.4,X-RAY DIFFRACTION,0.2416,0.2119,,,,,True
5hho,E,D,,,abTCR,0,C,peptide,"m1-g4e, gilefvftl",,MH1,A,B,64.33,TRBV19,TRAV27,,,IMMUNE SYSTEM,2001/11/16,Crystal Structure of the JM22 TCR in complex with HLA-A*0201 in complex with M1-G4E,homo sapiens,homo sapiens,,,synthetic construct,homo sapiens,homo sapiens,"Gras, S., Josephs, T.M., Rossjohn, J.",2.95,X-RAY DIFFRACTION,0.279,0.236,,,,,True
5isz,E,D,,,abTCR,0,C,peptide,influenza m1 for peptide,,MH1,A,B,55.999,TRBV19,TRAV24,,,IMMUNE SYSTEM,03/15/16,Crystal structure of LS01-TCR/M1-HLA-A*02 complex,homo sapiens,homo sapiens,,,influenza a virus,homo sapiens,homo sapiens,"Stern, L.J., Selin, L.K., Song, I.",2.06,X-RAY DIFFRACTION,0.2,0.184,,,,,True
5ivx,F,E,,,abTCR,0,P,peptide,p18-i10,,MH1,A,B,30.15,TRBV29,TRAV14,,,IMMUNE SYSTEM,03/21/16,Crystal Structure of B4.2.3 T-Cell Receptor and H2-Dd P18-I10 Complex,mus musculus,mus musculus,,,homo sapiens,mus musculus,mus musculus,"Natarajan, K., Jiang, J., Margulies, D.",2.1,X-RAY DIFFRACTION,0.22,0.18,,,,,True
5ksa,D,C,,,abTCR,0,J,peptide,dq8.5-glia-gamma1 peptide,,MH2,A,B,42.583,TRBV9,TRAV20,,,IMMUNE SYSTEM,2007/8/16,Bel602-DQ8.5-glia-gamma1 complex,homo sapiens,homo sapiens,,,triticum aestivum,homo sapiens,"triticum aestivum, homo sapiens","Petersen, J., Rossjohn, J., Reid, H.H.",2.0,X-RAY DIFFRACTION,0.206,0.169,,,,,True
5l2k,E,D,,,abTCR,0,E,Hapten,"6-O-[(2R,3R)-3-hydroxy-2-tetradecyldocosanoyl]-alpha-L-idopyranose",70E,CD1,A,B,70.125,TRBV6,TRAV1,,,IMMUNE SYSTEM,2008/2/16,Crystal structure of GEM42 TCR-CD1b-GMM complex,homo sapiens,homo sapiens,,,homo sapiens,homo sapiens,homo sapiens,"Gras, S., Shahine, A., Le Nours, J., Rossjohn, J.",3.2,X-RAY DIFFRACTION,0.239,0.218,,,,,True
5m00,H,G,,,abTCR,0,P,peptide,lcmv-derived gp33 altered peptide ligand y4a,,MH1,A,B,42.559,TRBV13,TRAV14,,,IMMUNE SYSTEM,2010/3/16,"Crystal structure of murine P14 TCR complex with H-2Db and Y4A, modified gp33 peptide from LCMV",mus musculus,mus musculus,,,mus musculus,mus musculus,mus musculus,"Achour, A., Sandalova, T., Sun, R., Han, X.",1.95,X-RAY DIFFRACTION,0.237,0.2,,,,,True
5m01,H,G,,,abTCR,0,P,peptide,lcmv-derived gp33 altered peptide ligand pa,,MH1,A,B,42.675,TRBV13,TRAV14,,,IMMUNE SYSTEM,2010/3/16,"Crystal structure of murine P14 TCR/ H-2Db complex with PA, modified gp33 peptide from LCMV",mus musculus,mus musculus,,,lymphocytic choriomeningitis virus,mus musculus,mus musculus,"Achour, A., Sandalova, T., Sun, R., Han, X.",1.95,X-RAY DIFFRACTION,0.229,0.196,,,,,True
5m02,H,G,,,abTCR,0,P,peptide,lcmv-derived gp33 altered peptide ligand pf,,MH1,A,B,41.995,TRBV13,TRAV14,,,IMMUNE SYSTEM,2010/3/16,"Crystal structure of murine P14 TCR / H-2Db with PF, modified gp33 peptide from LCMV",mus musculus,mus musculus,,,lymphocytic choriomeningitis virus,mus musculus,mus musculus,"Achour, A., Sandalova, T., Sun, R.",1.75,X-RAY DIFFRACTION,0.214,0.188,,,,,True
5men,E,D,,,abTCR,0,C,peptide,ile-leu-ala-lys-phe-leu-his-trp-leu,,MH1,A,B,40.823,TRBV6,TRAV22,,,IMMUNE SYSTEM,11/16/16,"Human Leukocyte Antigen A02 presenting ILAKFLHWL, in complex with cognate T-Cell Receptor",homo sapiens,homo sapiens,,,homo sapiens,homo sapiens,homo sapiens,"Rizkallah, P.J., Lloyd, A., Crowther, M., Cole, D.K., Sewell, A.K.",2.81,X-RAY DIFFRACTION,0.272,0.189,,,,,True
5nht,B,A,,,abTCR,0,P,peptide,melanoma antigen recognized by t-cells 1,,MH1,H,L,34.791,TRBV19,TRAV12,,,IMMUNE SYSTEM,03/22/17,human 199.54-16 TCR in complex with Melan-A/MART-1 (26-35) peptide and HLA-A2,homo sapiens,homo sapiens,,,homo sapiens,homo sapiens,homo sapiens,"Exertier, C., Reiser, J.-B., Lantez, V., Chouquet, A., Bonneville, M., Saulquin, X., Housset, D.",3.2,X-RAY DIFFRACTION,0.299,0.213,,,,,True
5nqk,B,A,,,abTCR,0,P,peptide,melanoma antigen recognized by t-cells 1,,MH1,H,L,36.934,TRBV19,TRAV12,,,IMMUNE SYSTEM,04/20/17,human 199.16 TCR in complex with Melan-A/MART-1 (26-35) peptide and HLA-A2,homo sapiens,homo sapiens,,,homo sapiens,homo sapiens,homo sapiens,"Exertier, C., Reiser, J.-B., Lantez, V., Chouquet, A., Bonneville, M., Saulquin, X., Housset, D.",3.25,X-RAY DIFFRACTION,0.316,0.224,,,,,True
5sws,E,D,,,abTCR,0,C,peptide,influenza np366 epitope,,MH1,A,B,127.938,TRBV17,TRAV14,,,IMMUNE SYSTEM,2008/8/16,Crystal Structure of NP2-B17 TCR-H2Db-NP complex,mus musculus,mus musculus,,,unidentified influenza virus,mus musculus,mus musculus,"Gras, S., Del Campo, C.M., Farenc, C., Josephs, T.M., Rossjohn, J.",2.86,X-RAY DIFFRACTION,0.274,0.231,,,,,True
5tez,J,I,,,abTCR,0,C,peptide,gly-ile-leu-gly-phe-val-phe-thr-leu,,MH1,A,B,34.416,TRBV27,TRAV13,,,IMMUNE SYSTEM,09/23/16,TCR F50 recgonizing M1-HLA-A2,homo sapiens,homo sapiens,,,influenza a virus,homo sapiens,homo sapiens,"Yang, X., Mariuzza, R.A.",1.7,X-RAY DIFFRACTION,0.224,0.19,,,,,True
5u72,E,D,,,abTCR,0,C,Hapten,5-HYDROXYDICLOFENAC,7ZV,MR1,C,F,58.43,TRBV6,TRAV1,,,IMMUNE SYSTEM,2012/10/16,Structure of human MR1-5OH-DCF in complex with human MAIT A-F7 TCR,homo sapiens,homo sapiens,,,homo sapiens,homo sapiens,homo sapiens,"Keller, A.N., Rossjohn, J.",2.5,X-RAY DIFFRACTION,0.231,0.173,,,,,True
5vcj,D,C,,,abTCR,0,A,Hapten,"(2S,3S,4R)-2-amino-3,4-dihydroxyoctadecyl alpha-D-galactopyranoside",N57,CD1,A,B,25.967,TRBV13,TRAV11,,,IMMUNE SYSTEM,03/31/17,Structure of alpha-galactosylphytosphingosine bound by CD1d and in complex with the Va14Vb8.2 TCR,"mus musculus, homo sapiens","mus musculus, homo sapiens",,,mus musculus,mus musculus,mus musculus,"Wang, J., Zajonc, D.M.",3.16,X-RAY DIFFRACTION,0.249,0.189,,,,,True
5wki,E,D,,,abTCR,0,D,Hapten,"(19S,22R,25R)-22,25,26-trihydroxy-16,22-dioxo-17,21,23-trioxa-22lambda~5~-phosphahexacosan-19-yl (9E)-octadec-9-enoate",D3D,CD1,A,B,69.353,TRBV7,TRAV26,,,IMMUNE SYSTEM,07/25/17,Crystal structure of PG90 TCR-CD1b-PG complex,homo sapiens,homo sapiens,,,homo sapiens,homo sapiens,homo sapiens,"Shahine, A., Gras, S., Rossjohn, J.",2.75,X-RAY DIFFRACTION,0.252,0.212,,,,,True
5xot,E,D,,,abTCR,0,C,peptide,an hiv reverse transcriptase epitope,,MH1,A,B,41.671,TRBV6,,,,IMMUNE SYSTEM,05/31/17,Crystal structure of pHLA-B35 in complex with TU55 T cell receptor,homo sapiens,homo sapiens,,,human immunodeficiency virus 1,homo sapiens,homo sapiens,"Shi, Y., Qi, J., Gao, G.F.",2.787,X-RAY DIFFRACTION,0.254,0.199,,,,,True
5yxn,B,A,,,abTCR,0,I,peptide,ns3 peptide,,MH1,C,D,30.247,TRBV25,TRAV38,,,IMMUNE SYSTEM,2012/6/17,A T cell receptor in complex with HLA-A0201 restricted Hepatitis C virus NS3 peptide (KLVALGINAV),homo sapiens,homo sapiens,,,hepatitis c virus,homo sapiens,homo sapiens,"Hui, F.",2.03,X-RAY DIFFRACTION,0.223,0.193,,,,,True
5yxu,B,A,,,abTCR,0,I,peptide,lys-leu-val-ala-leu-gly-ile-asn-ala-val,,MH1,C,D,31.712,TRBV25,TRAV38,,,IMMUNE SYSTEM,2012/7/17,an affinity enhanced T cell receptor in complex with HLA-A0201 restricted HCV NS3 peptide KLVALGINAV,homo sapiens,homo sapiens,,,hepatitis c virus,homo sapiens,homo sapiens,"Yi, L.",2.7,X-RAY DIFFRACTION,0.289,0.235,,,,,True
6am5,E,D,,,abTCR,0,C,peptide,ser-met-leu-gly-ile-gly-ile-val-pro-val,,MH1,A,B,33.258,TRBV6,TRAV12,,,IMMUNE SYSTEM,2008/9/17,Crystal structure of DMF5 TCR bound to HLA-A2 presenting synthetic peptide SMLGIGIVPV,homo sapiens,homo sapiens,,,synthetic construct,homo sapiens,homo sapiens,"Riley, T.P., Baker, B.M.",2.394,X-RAY DIFFRACTION,0.244,0.201,,,,,True
6amu,E,D,,,abTCR,0,C,peptide,met-met-trp-asp-arg-gly-leu-gly-met-met,,MH1,A,B,36.974,TRBV6,TRAV12,,,IMMUNE SYSTEM,2008/11/17,Crystal structure of DMF5 TCR bound to HLA-A2 presenting synthetic peptide MMWDRGLGMM,homo sapiens,homo sapiens,,,synthetic construct,homo sapiens,homo sapiens,"Riley, T.P., Baker, B.M.",2.151,X-RAY DIFFRACTION,0.226,0.18,,,,,True
6avf,B,A,,,abTCR,0,P,peptide,ala-pro-arg-gly-pro-his-gly-gly-ala-ala-ser-gly-leu,,MH1,H,M,40.558,TRBV28,TRAV4,,,IMMUNE SYSTEM,2009/2/17,Crystal structure of the KFJ5 TCR-NY-ESO-1-HLA-B*07:02 complex,homo sapiens,homo sapiens,,,homo sapiens,homo sapiens,homo sapiens,"Gully, B.S., Gras, S., Rossjohn, J.",2.028,X-RAY DIFFRACTION,0.256,0.204,,,,,True
6bga,D,C,,,abTCR,0,E,peptide,velcro peptide,,MH2,A,B,37.046,TRBV26,TRAV4,,,IMMUNE SYSTEM,10/27/17,2B4 I-Ek TCR-MHC complex with affinity-enhancing Velcro peptide,mus musculus,mus musculus,,,synthetic construct,mus musculus,mus musculus,"Gee, M.H., Sibener, L.V., Birnbaum, M.E., Jude, K.M., Garcia, K.C.",2.307,X-RAY DIFFRACTION,0.237,0.192,,,,,True
6bj2,E,D,,,abTCR,0,C,peptide,hiv pol b35 peptide,,MH1,A,B,41.85,TRBV5,TRAV19,,,IMMUNE SYSTEM,2011/3/17,TCR589 in complex with HIV(Pol448-456)/HLA-B35,homo sapiens,homo sapiens,,,human immunodeficiency virus 1,homo sapiens,homo sapiens,"Jude, K.M., Sibener, L.V., Garcia, K.C.",3.35,X-RAY DIFFRACTION,0.276,0.245,,,,,True
6bj3,H,D,,,abTCR,0,C,peptide,hiv pol b35 peptide,,MH1,A,B,42.576,TRBV6,,,,IMMUNE SYSTEM,2011/3/17,TCR55 in complex with HIV(Pol448-456)/HLA-B35,homo sapiens,homo sapiens,,,human immunodeficiency virus 1,homo sapiens,homo sapiens,"Jude, K.M., Sibener, L.V., Garcia, K.C.",1.898,X-RAY DIFFRACTION,0.216,0.188,,,,,True
6bj8,H,D,,,abTCR,0,C,peptide,val-pro-leu-thr-glu-asp-ala-glu-leu,,MH1,A,B,42.445,TRBV6,,,,IMMUNE SYSTEM,2011/5/17,TCR55 in complex with Pep20/HLA-B35,homo sapiens,homo sapiens,,,synthetic construct,homo sapiens,homo sapiens,"Jude, K.M., Sibener, L.V., Yang, X., Garcia, K.C.",1.75,X-RAY DIFFRACTION,0.183,0.159,,,,,True
6c09,D,C,,,abTCR,0,A,Hapten,DECANE,D10,CD1,A,B,40.347,TRBV7,TRAV29,,,IMMUNE SYSTEM,12/28/17,Ternary crystal structure of the 3C8 TCR-CD1c-monoacylglycerol complex,homo sapiens,homo sapiens,,,homo sapiens,homo sapiens,homo sapiens,"Wun, K.S., Rossjohn, J.",2.95,X-RAY DIFFRACTION,0.208,0.174,,,,,True
6cql,E,D,,,abTCR,0,C,peptide,peptide from capsid protein p24,,MH2,A,B,34.627,TRBV2,TRAV24,,,IMMUNE SYSTEM,03/15/18,Crystal structure of F24 TCR -DR11-RQ13 peptide complex,homo sapiens,homo sapiens,,,hiv-1 m,homo sapiens,homo sapiens,"Farenc, C., Gras, S., Rossjohn, J.",2.4,X-RAY DIFFRACTION,0.256,0.22,,,,,True
6cqn,E,D,,,abTCR,0,C,peptide,peptide from capsid protein p24,,MH2,A,B,33.961,TRBV2,TRAV24,,,IMMUNE SYSTEM,03/15/18,Crystal structure of F5 TCR -DR11-RQ13 peptide complex,homo sapiens,homo sapiens,,,hiv-1 m,homo sapiens,homo sapiens,"Farenc, C., Gras, S., Rossjohn, J.",2.5,X-RAY DIFFRACTION,0.251,0.196,,,,,True
6cw6,D,C,,,abTCR,0,A,Hapten,"(2S,3S,4R)-N-OCTANOYL-1-[(ALPHA-D-GALACTOPYRANOSYL)OXY]-2-AMINO-OCTADECANE-3,4-DIOL",PBS,CD1,A,B,25.826,TRBV13,TRAV11,,,IMMUNE SYSTEM,03/29/18,"Structure of alpha-GC[8,18] bound by CD1d and in complex with the Va14Vb8.2 TCR","mus musculus, homo sapiens","mus musculus, homo sapiens",,,mus musculus,mus musculus,mus musculus,"Wang, J., Zajonc, D.",2.85,X-RAY DIFFRACTION,0.25,0.209,,,,,True
6cw9,D,C,,,abTCR,0,A,Hapten,"N-[(2S,3S,4R)-1-(alpha-D-galactopyranosyloxy)-3,4-dihydroxy-16-phenylhexadecan-2-yl]octanamide",7LM,CD1,A,B,26.433,TRBV13,TRAV11,,,IMMUNE SYSTEM,03/30/18,"Structure of alpha-GC[8,16P] bound by CD1d and in complex with the Va14Vb8.2 TCR",mus musculus,mus musculus,,,mus musculus,mus musculus,mus musculus,"Wang, J., Zajonc, D.",2.0,X-RAY DIFFRACTION,0.221,0.19,,,,,True
6cwb,D,C,,,abTCR,0,A,Hapten,"(5R,6S,7S)-5,6-dihydroxy-7-(octanoylamino)-N-[(1E)-4-phenylbutylidene]-8-{[(2S,3R,4S,5R,6R)-3,4,5-trihydroxy-6-(hydroxymethyl)tetrahydro-2H-pyran-2-yl]oxy}octanamide (non-preferred name)",FJJ,CD1,A,B,26.271,TRBV13,TRAV11,,,IMMUNE SYSTEM,03/30/18,"Structure of alpha-GSA[8,4P] bound by CD1d and in complex with the Va14Vb8.2 TCR",mus musculus,mus musculus,,,mus musculus,mus musculus,mus musculus,"Wang, J., Zajonc, D.",2.85,X-RAY DIFFRACTION,0.275,0.215,,,,,True
6cwe,D,C,,,abTCR,0,A,Hapten,"(5R,6S,7S)-5,6-dihydroxy-7-(octanoylamino)-N-(6-phenylhexyl)-8-{[(2S,3R,4S,5R,6R)-3,4,5-trihydroxy-6-(hydroxymethyl)tetrahydro-2H-pyran-2-yl]oxy}octanamide",7LP,CD1,A,B,25.867,TRBV13,TRAV11,,,IMMUNE SYSTEM,03/30/18,"Structure of alpha-GSA[8,6P] bound by CD1d and in complex with the Va14Vb8.2 TCR",mus musculus,mus musculus,,,mus musculus,mus musculus,mus musculus,"Wang, J., Zajonc, D.",2.2,X-RAY DIFFRACTION,0.236,0.204,,,,,True
6cx5,D,C,,,abTCR,0,A,Hapten,"(5R,6S,7S)-5,6-dihydroxy-7-(octanoylamino)-N-(8-phenyloctyl)-8-{[(2S,3R,4S,5R,6R)-3,4,5-trihydroxy-6-(hydroxymethyl)tetrahydro-2H-pyran-2-yl]oxy}octanamide (non-preferred name)",FJM,CD1,A,B,26.223,TRBV13,TRAV11,,,IMMUNE SYSTEM,2004/2/18,"Structure of alpha-GSA[8,8P] bound by CD1d and in complex with the Va14Vb8.2 TCR",mus musculus,mus musculus,,,mus musculus,mus musculus,mus musculus,"Wang, J., Zajonc, D.",2.4,X-RAY DIFFRACTION,0.258,0.214,,,,,True
6cx9,D,C,,,abTCR,0,A,Hapten,"N-[(2S,3S,4R)-3,4-dihydroxy-8-oxo-8-[(6-phenylhexyl)amino]-1-{[(2S,3R,4S,5R,6R)-3,4,5-trihydroxy-6-(hydroxymethyl)tetrahydro-2H-pyran-2-yl]oxy}octan-2-yl]hexacosanamide",EM4,CD1,A,B,25.853,TRBV13,TRAV11,,,IMMUNE SYSTEM,2004/2/18,"Structure of alpha-GSA[16,6P] bound by CD1d and in complex with the Va14Vb8.2 TCR",mus musculus,mus musculus,,,mus musculus,mus musculus,mus musculus,"Wang, J., Zajonc, D.",2.36,X-RAY DIFFRACTION,0.235,0.192,,,,,True
6cxa,D,C,,,abTCR,0,A,Hapten,"N-[(2S,3S,4R)-3,4-dihydroxy-8-oxo-8-[(6-phenylhexyl)amino]-1-{[(2S,3R,4S,5R,6R)-3,4,5-trihydroxy-6-(hydroxymethyl)tetrahydro-2H-pyran-2-yl]oxy}octan-2-yl]icosanamide",EMG,CD1,A,B,25.876,TRBV13,TRAV11,,,IMMUNE SYSTEM,2004/2/18,"Structure of alpha-GSA[20,6P] bound by CD1d and in complex with the Va14Vb8.2 TCR",mus musculus,mus musculus,,,mus musculus,mus musculus,mus musculus,"Wang, J., Zajonc, D.",2.65,X-RAY DIFFRACTION,0.253,0.195,,,,,True
6cxe,D,C,,,abTCR,0,A,Hapten,"N-[(2S,3S,4R)-3,4-dihydroxy-8-oxo-8-[(6-phenylhexyl)amino]-1-{[(2S,3R,4S,5R,6R)-3,4,5-trihydroxy-6-(hydroxymethyl)tetrahydro-2H-pyran-2-yl]oxy}octan-2-yl]hexacosanamide",EM4,CD1,A,B,26.304,TRBV13,TRAV11,,,IMMUNE SYSTEM,2004/2/18,"Structure of alpha-GSA[26,6P] bound by CD1d and in complex with the Va14Vb8.2 TCR",mus musculus,mus musculus,,,mus musculus,mus musculus,mus musculus,"Wang, J., Zajonc, D.",2.05,X-RAY DIFFRACTION,0.248,0.209,,,,,True
6d78,E,D,,,abTCR,0,C,peptide,melanoma antigen recognized by t-cells 1,,MH1,A,B,32.745,TRBV6,TRAV12,,,IMMUNE SYSTEM,04/24/18,"The complex between high-affinity TCR DMF5(alpha-D26Y,beta-L98W) and human Class I MHC HLA-A2 with the bound MART-1(27-35)peptide",homo sapiens,homo sapiens,,,homo sapiens,homo sapiens,homo sapiens,"Hellman, L.M., Singh, N.K.",2.347,X-RAY DIFFRACTION,0.255,0.204,,,,,True
6dkp,E,D,,,abTCR,0,C,peptide,melanoma antigen recognized by t-cells 1,,MH1,A,B,31.997,TRBV6,TRAV12,,,IMMUNE SYSTEM,05/30/18,"The complex among DMF5(alpha-D26Y, alpha-Y50A,beta-L98W) TCR, human Class I MHC HLA-A2 and MART-1(26-35)(A27L) peptide",homo sapiens,homo sapiens,,,homo sapiens,homo sapiens,homo sapiens,"Hellman, L.M., Singh, N.K.",2.966,X-RAY DIFFRACTION,0.286,0.229,,,,,True
6eqa,E,D,,,abTCR,0,C,peptide,ala-ala-gly-ile-gly-ile-leu-thr-val,,MH1,A,B,48.74,TRBV30,TRAV12,,,IMMUNE SYSTEM,2010/12/17,HLA class I histocompatibility antigen,homo sapiens,homo sapiens,,,homo sapiens,homo sapiens,homo sapiens,"Rizkallah, P.J., Cole, D.K.",3.16,X-RAY DIFFRACTION,0.263,0.186,,,,,True
6eqb,E,D,,,abTCR,0,C,peptide,ala-ala-gly-ile-gly-ile-leu-thr-val,,MH1,A,B,42.925,TRBV30,TRAV12,,,IMMUNE SYSTEM,2010/12/17,HLA class I histocompatibility antigen,homo sapiens,homo sapiens,,,homo sapiens,homo sapiens,homo sapiens,"Rizkallah, P.J., Cole, D.K.",2.81,X-RAY DIFFRACTION,0.251,0.183,,,,,True
6g9q,H,G,,,abTCR,0,P,peptide,dopamine beta-hydroxylase,,MH1,A,B,42.091,TRBV13,TRAV14,,,IMMUNE SYSTEM,2004/11/18,Ternary complex of P14 TCR with murine MHC class I H-2 Db in complex with self-antigen derived from dopamine monooxygenase.,mus musculus,mus musculus,,,mus musculus,mus musculus,mus musculus,"Achour, A., Sandalova, T., Allerbring, E.",1.89,X-RAY DIFFRACTION,0.248,0.187,,,,,True
6miv,D,C,,,abTCR,0,A,Hapten,"N-[(2S,3S,4R)-1-({4-O-[(4-tert-butylphenyl)methyl]-alpha-D-galactopyranosyl}oxy)-3,4-dihydroxyoctadecan-2-yl]hexacosanamide",JU1,CD1,A,B,25.598,TRBV13,TRAV11,,,IMMUNE SYSTEM,09/20/18,Crystal structure of the mCD1d/xxq (JJ300)/iNKTCR ternary complex,"mus musculus, homo sapiens","mus musculus, homo sapiens",,,mus musculus,mus musculus,mus musculus,"Zajonc, D.M., Bitra, A., Janssens, J.",2.05,X-RAY DIFFRACTION,0.219,0.185,,,,,True
6mj4,D,C,,,abTCR,0,A,Hapten,"N-[(2S,3S,4R)-3,4-dihydroxy-1-{[4-O-(prop-2-en-1-yl)-alpha-D-galactopyranosyl]oxy}octadecan-2-yl]hexacosanamide",JTG,CD1,A,B,26.229,TRBV13,TRAV11,,,IMMUNE SYSTEM,09/20/18,Crystal structure of MCD1D/INKTCR TERNARY COMPLEX bound to glycolipid (XXW),"mus musculus, homo sapiens","mus musculus, homo sapiens",,,mus musculus,mus musculus,mus musculus,"Zajonc, D.M., Bitra, A., Janssens, J.",2.0,X-RAY DIFFRACTION,0.214,0.185,,,,,True
6mj6,D,C,,,abTCR,0,A,Hapten,"N-[(2S,3S,4R)-1-({4-O-[(4-chlorophenyl)methyl]-alpha-D-galactopyranosyl}oxy)-3,4-dihydroxyoctadecan-2-yl]hexacosanamide",JTM,CD1,A,B,25.995,TRBV13,TRAV11,,,IMMUNE SYSTEM,09/20/18,Crystal structure of the mCD1d/xxx (JJ166) /iNKTCR ternary complex,"mus musculus, homo sapiens","mus musculus, homo sapiens",,,mus musculus,mus musculus,mus musculus,"Zajonc, D.M., Bitra, A., Janssens, J.",2.45,X-RAY DIFFRACTION,0.234,0.189,,,,,True
6mja,D,C,,,abTCR,0,A,Hapten,"N-[(2S,3S,4R)-3,4-dihydroxy-1-({4-O-[(4-methylphenyl)methyl]-alpha-D-galactopyranosyl}oxy)octadecan-2-yl]hexacosanamide",JTJ,CD1,A,B,25.78,TRBV13,TRAV11,,,IMMUNE SYSTEM,09/20/18,Crystal structure of the mCD1d/xxo (JJ294) /iNKTCR ternary complex,"mus musculus, homo sapiens","mus musculus, homo sapiens",,,mus musculus,mus musculus,mus musculus,"Zajonc, D.M., Bitra, A., Janssens, J.",2.35,X-RAY DIFFRACTION,0.237,0.196,,,,,True
6mji,D,C,,,abTCR,0,A,Hapten,"N-[(2S,3S,4R)-1-{[4-O-(cyclopropylmethyl)-alpha-D-galactopyranosyl]oxy}-3,4-dihydroxyoctadecan-2-yl]hexacosanamide",JTD,CD1,A,B,26.178,TRBV13,TRAV11,,,IMMUNE SYSTEM,09/20/18,Crystal structure of the mCD1d/xxs (JJ304) /iNKTCR ternary complex,"mus musculus, homo sapiens","mus musculus, homo sapiens",,,mus musculus,mus musculus,mus musculus,"Zajonc, D.M., Bitra, A., Janssens, J.",2.3,X-RAY DIFFRACTION,0.227,0.189,,,,,True
6mjj,D,C,,,abTCR,0,A,Hapten,"N-[(2S,3S,4R)-1-({4-O-[(3,4-dichlorophenyl)methyl]-alpha-D-galactopyranosyl}oxy)-3,4-dihydroxyoctadecan-2-yl]hexacosanamide",JU4,CD1,A,B,25.827,TRBV13,TRAV11,,,IMMUNE SYSTEM,09/21/18,Crystal structure of the mCD1d/xxm (JJ290) /iNKTCR ternary complex,"mus musculus, homo sapiens","mus musculus, homo sapiens",,,mus musculus,mus musculus,mus musculus,"Zajonc, D.M., Bitra, A., Janssens, J.",1.93,X-RAY DIFFRACTION,0.216,0.184,,,,,True
6mss,B,A,,,abTCR,0,C,Hapten,(2S)-2-(heptadecanoyloxy)-3-{[(10S)-10-methyloctadecanoyl]oxy}propyl alpha-D-glucopyranosiduronic acid,SRV,CD1,C,D,21.169,TRBV13,TRAV4,,,IMMUNE SYSTEM,10/18/18,Diversity in the type II Natural Killer T cell receptor repertoire and antigen specificity leads to differing CD1d docking strategies,mus musculus,mus musculus,,,mus musculus,mus musculus,mus musculus,"Sundararaj, S., Le Nours, J., Praveena, T., Rossjohn, J.",3.0,X-RAY DIFFRACTION,0.242,0.183,,,,,True
6mtm,E,D,,,abTCR,0,C,peptide,np338 influenza peptide,,MH1,A,B,50.17,TRBV19,TRAV30,,,IMMUNE SYSTEM,10/19/18,Crystal Structure of EM2 TCR in complex with HLA-B*37:01-NP338,homo sapiens,homo sapiens,,,unidentified influenza virus,homo sapiens,homo sapiens,"Gras, S.",3.0,X-RAY DIFFRACTION,0.301,0.218,,,,,True
6omg,D,C,,,abTCR,0,A,Hapten,(2R)-1-(alpha-D-glucopyranosyloxy)-3-(octadecanoyloxy)propan-2-yl (9Z)-octadec-9-enoate,MVV,CD1,A,B,25.705,TRBV13,TRAV11,,,IMMUNE SYSTEM,04/18/19,"Structure of mouse CD1D- Glc-DAG (sn-1 C18:0, sn-2 C18:1c9)-iNKT TCR Ternary complex",mus musculus,mus musculus,,,mus musculus,mus musculus,mus musculus,"Dirk, M.Z., Bitra, A., Wang, J.",2.1,X-RAY DIFFRACTION,0.227,0.186,,,,,True
6puh,E,D,,,abTCR,0,C,Hapten,"6-methyl-5-[(1E)-3-oxobut-1-en-1-yl]pyrimidine-2,4(1H,3H)-dione",OYG,MR1,C,F,59.462,TRBV6,TRAV1,,,IMMUNE SYSTEM,07/18/19,Structure of human MAIT A-F7 TCR in complex with human MR1-Ribityl-less,homo sapiens,homo sapiens,,,homo sapiens,homo sapiens,homo sapiens,"Awad, W., Keller, A.N., Rossjohn, J.",1.88,X-RAY DIFFRACTION,0.195,0.16,,,,,True
6px6,E,D,,,abTCR,0,C,peptide,dq2.2-glut-l1,,MH2,A,B,31.175,TRBV7,TRAV21,,,IMMUNE SYSTEM,07/24/19,HLA-TCR complex,homo sapiens,homo sapiens,,,triticum aestivum,homo sapiens,homo sapiens,"Ting, Y.T., Reid, H.H., Rossjohn, J.",3.0,X-RAY DIFFRACTION,0.257,0.205,,,,,True
6py2,E,D,,,abTCR,0,C,peptide,dq2.2-glut-l1,,MH2,A,B,54.752,TRBV11,TRAV9,,,IMMUNE SYSTEM,07/28/19,HLA-TCR complex,homo sapiens,homo sapiens,,,triticum aestivum,homo sapiens,homo sapiens,"Ting, Y.T., Peteren, J., Reid, H.H., Rossjohn, J.",2.82543,X-RAY DIFFRACTION,0.244,0.216,,,,,True
6q3s,E,D,,,abTCR,0,C,peptide,ser-leu-leu-met-trp-ile-thr-gln-val,,MH1,A,B,67.059,TRBV6,TRAV21,,,IMMUNE SYSTEM,2012/4/18,Engineered Human HLA_A2 MHC Class I molecule in complex with TCR and SV9 peptide,homo sapiens,homo sapiens,,,homo sapiens,homo sapiens,homo sapiens,"Meijers, R., Anjanappa, R., Springer, S., Garcia-Alai, M.",2.5,X-RAY DIFFRACTION,0.273,0.229,,,,,True
6r2l,E,D,,,abTCR,0,C,peptide,ser-leu-ser-lys-ile-leu-asp-thr-val,,MH1,A,B,62.853,TRBV11,TRAV22,,,IMMUNE SYSTEM,03/18/19,NYBR1-A2-SLSKILDTV,homo sapiens,homo sapiens,,,homo sapiens,homo sapiens,homo sapiens,"Rizkallah, P.J., Cole, D.K., Sami, M.",2.3,X-RAY DIFFRACTION,0.265,0.214,,,,,True
6rpa,E,D,,,abTCR,0,C,peptide,heteroclitic ny-eso-1 157-165 peptide,,MH1,A,B,73.251,TRBV29,TRAV3,,,IMMUNE SYSTEM,05/14/19,Crystal structure of the T-cell receptor NYE_S2 bound to HLA A2*01-SLLMWITQV,homo sapiens,homo sapiens,,,homo sapiens,homo sapiens,homo sapiens,"Coles, C.H., Mulvaney, R., Malla, S., Lloyd, A., Smith, K., Chester, F., Knox, A., Stacey, A.R., Dukes, J., Baston, E., Griffin, S., Vuidepot, A., Jakobsen, B.K., Harper, S.",2.56,X-RAY DIFFRACTION,0.293,0.25,,,,,True
6tmo,E,D,,,abTCR,0,C,peptide,eaagigiltv,,MH1,A,B,43.378,TRBV30,TRAV12,,,IMMUNE SYSTEM,2012/5/19,"Structure determination of an enhanced affinity TCR, a24b17, in complex with HLA-A*02:01 presenting a MART-1 peptide, EAAGIGILTV",homo sapiens,homo sapiens,,,homo sapiens,homo sapiens,homo sapiens,"Rizkallah, P.J., Cole, D.K.",2.1,X-RAY DIFFRACTION,0.209,0.173,,,,,True
6tro,E,D,,,abTCR,0,C,peptide,mage-a4 peptide (amino acids 230-239),,MH1,A,B,58.866,TRBV28,TRAV10,,,IMMUNE SYSTEM,12/19/19,Crystal structure of the T-cell receptor GVY01 bound to HLA A2*01-GVYDGREHTV,homo sapiens,homo sapiens,,,homo sapiens,homo sapiens,homo sapiens,"Coles, C.H., McMurran, C., Lloyd, A., Hibbert, L., Lupardus, P.J., Cole, D.K., Harper, S.",3.0,X-RAY DIFFRACTION,0.27,0.213,,,,,True
6u3n,E,D,,,abTCR,0,C,peptide,peptide,,MH2,A,B,34.984,TRBV5,TRAV8,,,IMMUNE SYSTEM,08/22/19,LS2.8/3.15 - DQ2-P.fluor-alpha1a complex,homo sapiens,homo sapiens,,,pseudomonas fluorescens,homo sapiens,homo sapiens,"Petersen, J., Rossjohn, J.",2.8,X-RAY DIFFRACTION,unknown,unknown,,,,,True
6v0y,E,D,,,abTCR,0,C,peptide,"fibrinogen beta 72,74cit69-81",,GB,B,,,TRBV4,TRAV6,,,IMMUNE SYSTEM,11/19/19,immune receptor complex,mus musculus,mus musculus,,,homo sapiens,homo sapiens,,"Lim, J.J., Rossjohn, J.",2.7,X-RAY DIFFRACTION,0.247,0.22,,,,,True
6v13,E,D,,,abTCR,0,C,peptide,fibrinogen beta 74cit69-81,,MH2,A,B,26.28,TRBV4,TRAV6,,,IMMUNE SYSTEM,11/19/19,immune receptor complex,mus musculus,mus musculus,,,homo sapiens,homo sapiens,homo sapiens,"Lim, J.J., Rossjohn, J.",2.75,X-RAY DIFFRACTION,0.247,0.21,,,,,True
6v15,E,D,,,abTCR,0,C,peptide,"fibrinogen beta 72,74cit69-81",,MH2,A,B,26.31,TRBV4,TRAV6,,,IMMUNE SYSTEM,11/19/19,immune receptor complex,mus musculus,mus musculus,,,homo sapiens,homo sapiens,homo sapiens,"Lim, J.J., Rossjohn, J.",2.8,X-RAY DIFFRACTION,0.233,0.197,,,,,True
6v18,E,D,,,abTCR,0,C,peptide,fibrinogen beta,,MH2,A,B,24.258,TRBV4,TRAV6,,,IMMUNE SYSTEM,11/20/19,immune receptor complex,mus musculus,mus musculus,,,homo sapiens,homo sapiens,homo sapiens,"Lim, J.J., Rossjohn, J.",2.35,X-RAY DIFFRACTION,0.231,0.193,,,,,True
6v19,E,D,,,abTCR,0,C,peptide,"fibrinogen beta 72,74cit69-81",,MH2,A,B,24.769,TRBV4,TRAV6,,,IMMUNE SYSTEM,11/20/19,immune receptor complex,mus musculus,mus musculus,,,homo sapiens,homo sapiens,homo sapiens,"Lim, J.J., Rossjohn, J.",2.6,X-RAY DIFFRACTION,0.224,0.202,,,,,True
6v1a,E,D,,,abTCR,0,C,peptide,fibrinogen beta 74cit69-81,,MH2,A,B,25.779,TRBV4,TRAV6,,,IMMUNE SYSTEM,11/20/19,immune receptor complex,mus musculus,mus musculus,,,homo sapiens,homo sapiens,homo sapiens,"Lim, J.J., Rossjohn, J.",2.29,X-RAY DIFFRACTION,0.214,0.187,,,,,True
6vrm,E,D,,,abTCR,0,P,peptide,cellular tumor antigen p53 peptide,,MH1,A,B,51.427,TRBV6,TRAV12,,,IMMUNE SYSTEM,2002/8/20,T cell receptor-p53-HLA-A2 complex,homo sapiens,homo sapiens,,,homo sapiens,homo sapiens,homo sapiens,"Wu, D., Gallagher, D.T., Gowthaman, R., Pierce, B.G., Mariuzza, R.A.",2.61,X-RAY DIFFRACTION,0.275,0.191,,,,,True
6vrn,E,D,,,abTCR,0,P,peptide,cellular tumor antigen p53 peptide,,MH1,A,B,33.725,TRBV10,TRAV38,,,IMMUNE SYSTEM,2002/8/20,T cell receptor-p53-HLA-A2 complex,homo sapiens,homo sapiens,,,homo sapiens,homo sapiens,homo sapiens,"Wu, D., Gallagher, D.T., Gowthaman, R., Pierce, B.G., Mariuzza, R.A.",2.46,X-RAY DIFFRACTION,0.259,0.194,,,,,True
6xng,D,C,,,abTCR,0,A,Hapten,"(3R)-N-[(2S,3R)-1-(alpha-D-galactopyranosyloxy)-3-hydroxyheptadecan-2-yl]-3-hydroxyheptadecanamide",V8P,CD1,A,B,26.877,TRBV13,TRAV11,,,LIPID BINDING PROTEIN,2007/2/20,MHC-like protein complex structure,mus musculus,mus musculus,,,mus musculus,mus musculus,mus musculus,"Thirunavukkarasu, P., Le Nours, J., Rossjohn, J.",2.79,X-RAY DIFFRACTION,0.277,0.203,,,,,True
6zkw,E,D,,,abTCR,0,C,peptide,enoyl-[acyl-carrier-protein] reductase [nadh],,MH1,A,B,60.156,TRBV6,TRAV21,,,IMMUNE SYSTEM,01/26/22,Crystal structure of InhA:01 TCR in complex with HLA-E bound to InhA (53-61),homo sapiens,homo sapiens,,,mycobacterium tuberculosis h37rv,homo sapiens,homo sapiens,"Srikannathasan, V., Karuppiah, V., Robinson, R.A.",2.26,X-RAY DIFFRACTION,0.287,0.243,,,,,True
6zkx,E,D,,,abTCR,0,C,peptide,enoyl-[acyl-carrier-protein] reductase [nadh],,MH1,A,B,60.624,TRBV6,TRAV21,,,IMMUNE SYSTEM,01/26/22,Crystal structure of InhA:01 TCR in complex with HLA-E (Y84C) bound to InhA (53-61 GCG),homo sapiens,homo sapiens,,,mycobacterium tuberculosis h37rv,homo sapiens,homo sapiens,"Srikannathasan, V., Karuppiah, V., Robinson, R.A.",2.17,X-RAY DIFFRACTION,0.244,0.209,,,,,True
6zky,E,D,,,abTCR,0,C,peptide,enoyl-[acyl-carrier-protein] reductase [nadh],,MH1,A,B,59.775,TRBV6,TRAV21,,,IMMUNE SYSTEM,01/26/22,Crystal structure of InhA:01 TCR in complex with HLA-E (S147C) bound to InhA (53-61 H3C),homo sapiens,homo sapiens,,,mycobacterium tuberculosis h37rv,homo sapiens,homo sapiens,"Srikannathasan, V., Karuppiah, V., Robinson, R.A.",2.65,X-RAY DIFFRACTION,0.273,0.227,,,,,True
6zkz,E,D,,,abTCR,0,C,peptide,enoyl-[acyl-carrier-protein] reductase [nadh],,MH1,A,B,59.567,TRBV6,TRAV21,,,IMMUNE SYSTEM,01/26/22,Crystal structure of InhA:01 TCR in complex with HLA-E (F116C) bound to InhA (53-61 H4C),homo sapiens,homo sapiens,,,mycobacterium tuberculosis h37rv,homo sapiens,homo sapiens,"Srikannathasan, V., Karuppiah, V., Robinson, R.A.",2.3,X-RAY DIFFRACTION,0.267,0.224,,,,,True
7dzm,D,E,,,abTCR,0,C,peptide,gag-pol polyprotein,,MH1,A,B,43.721,TRBV12,TRAV26,,,IMMUNE SYSTEM,01/26/22,Crystal Structure of the cross-restricted T18A TCR and HLAB8101 bound to HIV-1 Gag TL9 peptide,homo sapiens,homo sapiens,,,human immunodeficiency virus 1,homo sapiens,homo sapiens,"Liu, Y., Yin, L.",2.25,X-RAY DIFFRACTION,0.24,0.196,,,,,True
7dzn,D,E,,,abTCR,0,C,peptide,gag-pol polyprotein,,MH1,A,B,45.412,TRBV12,TRAV26,,,IMMUNE SYSTEM,01/26/22,Crystal Structure of the cross-restricted T18A TCR and HLAB4201 bound to HIV-1 Gag TL9 peptide,homo sapiens,homo sapiens,,,human immunodeficiency virus 1,homo sapiens,homo sapiens,"Liu, Y., Yin, L.",2.63,X-RAY DIFFRACTION,0.261,0.207,,,,,True
7jwi,E,D,,,abTCR,0,C,peptide,nucleoprotein,,MH1,A,B,127.22,TRBV17,TRAV14,,,IMMUNE SYSTEM,08/25/20,Crystal structure of B17.R2 TCR in complex with H2D-b-NP366,mus musculus,mus musculus,,,influenza a virus,mus musculus,homo sapiens,"Farenc, C., Rossjohn, J.",3.02,X-RAY DIFFRACTION,0.281,0.239,,,,,True
7jwj,E,D,,,abTCR,0,C,peptide,nucleoprotein,,MH1,A,B,14.478,TRBV17,TRAV4,,,IMMUNE SYSTEM,08/25/20,Crystal Structure of B17-C1 TCR-H2Db,mus musculus,mus musculus,,,influenza a virus,mus musculus,mus musculus,"Farenc, C., Rossjohn, J., Gras, S., Szeto, C.",3.251,X-RAY DIFFRACTION,0.306,0.276,,,,,True
7m72,D,C,,,abTCR,0,A,Hapten,"(3R)-N-[(2S,3R)-1-(alpha-D-galactopyranosyloxy)-3-hydroxy-15-methylhexadecan-2-yl]-3-hydroxyheptadecanamide",QOD,CD1,A,B,27.218,TRBV13,TRAV11,,,LIPID BINDING PROTEIN/IMMUNE SYSTEM,03/26/21,MHC-like protein complex structure,"mus musculus, homo sapiens","mus musculus, homo sapiens",,,mus musculus,mus musculus,mus musculus,"Thirunavukkarasu, P., Le Nours, J., Rossjohn, J.",2.4,X-RAY DIFFRACTION,0.227,0.184,,,,,True
7n1e,E,D,,,abTCR,0,C,peptide,spike protein s2,,MH1,A,B,35.924,TRBV11,TRAV16,,,IMMUNE SYSTEM,05/27/21,SARS-CoV-2 RLQ peptide-specific TCR pRLQ3 binds to RLQ-HLA-A2,homo sapiens,homo sapiens,,,severe acute respiratory syndrome coronavirus2 ,homo sapiens,homo sapiens,"Wu, D., Mariuzza, R.A.",2.3,X-RAY DIFFRACTION,0.258,0.212,,,,,True
7n1f,E,D,,,abTCR,0,C,peptide,spike protein s1,,MH1,A,B,41.824,TRBV7,TRAV12,,,IMMUNE SYSTEM,05/27/21,SARS-CoV-2 YLQ peptide-specific TCR pYLQ7 binds to YLQ-HLA-A2,homo sapiens,homo sapiens,,,severe acute respiratory syndrome coronavirus2 ,homo sapiens,homo sapiens,"Wu, D., Mariuzza, R.A.",2.393,X-RAY DIFFRACTION,0.236,0.197,,,,,True
7n2n,F,D,,,abTCR,0,C,peptide,pre-mrna processing factor 3,,MH1,A,B,21.514,TRBV9,TRAV21,,,IMMUNE SYSTEM,2012/7/22,TCR-antigen complex AS4.2-PRPF3-HLA*B27,homo sapiens,homo sapiens,,,homo sapiens,homo sapiens,homo sapiens,"Yang, X., Jude, K.M., Garcia, K.C.",2.6,X-RAY DIFFRACTION,0.291,0.248,,,,,True
7n2o,F,D,,,abTCR,0,C,peptide,yeih protein,,MH1,A,B,21.056,TRBV9,TRAV21,,,IMMUNE SYSTEM,2012/7/22,AS4.2-YEIH-HLA*B27,homo sapiens,homo sapiens,,,homo sapiens,homo sapiens,homo sapiens,"Yang, X., Jude, K.M., Garcia, K.C.",2.3,X-RAY DIFFRACTION,0.267,0.221,,,,,True
7n2p,F,D,,,abTCR,0,C,peptide,ribonuclease h2 subunit b,,MH1,A,B,22.868,TRBV9,TRAV21,,,IMMUNE SYSTEM,2012/7/22,AS4.3-RNASEH2b-HLA*B27,homo sapiens,homo sapiens,,,homo sapiens,homo sapiens,homo sapiens,"Yang, X., Jude, K.M., Garcia, K.C.",2.5,X-RAY DIFFRACTION,0.288,0.23,,,,,True
7n2r,F,D,,,abTCR,0,C,peptide,pre-mrna processing factor 3,,MH1,A,B,22.1,TRBV9,TRAV21,,,IMMUNE SYSTEM,2012/7/22,AS4.3-PRPF3-HLA*B27,homo sapiens,homo sapiens,,,homo sapiens,homo sapiens,homo sapiens,"Yang, X., Jude, K.M., Garcia, K.C.",2.28,X-RAY DIFFRACTION,0.288,0.248,,,,,True
7n2s,F,D,,,abTCR,0,C,peptide,pre-mrna processing factor 3,,MH1,A,B,22.499,TRBV9,TRAV21,,,IMMUNE SYSTEM,2012/7/22,AS3.1-PRPF3-HLA*B27,homo sapiens,homo sapiens,,,homo sapiens,homo sapiens,homo sapiens,"Yang, X., Jude, K.M., Garcia, K.C.",2.37,X-RAY DIFFRACTION,0.311,0.251,,,,,True
7n5c,E,D,,,abTCR,0,C,peptide,peptide from polymerase acidic protein,,MH1,A,B,43.558,TRBV29,TRAV21,,,IMMUNE SYSTEM,07/20/22,6218 TCR in complex with H2Db PA with an engineered TCR-pMHC disulfide bond,"mus musculus, homo sapiens","mus musculus, homo sapiens",,,influenza a virus,mus musculus,homo sapiens,"Szeto, C., Gras, S.",1.87,X-RAY DIFFRACTION,0.233,0.204,,,,,True
7n5p,E,D,,,abTCR,0,C,peptide,peptide from polymerase acidic protein,,MH1,A,B,39.635,TRBV29,TRAV21,,,IMMUNE SYSTEM,07/20/22,6218 TCR in complex with H2-Db PA224-233 with a cysteine mutant,"mus musculus, homo sapiens","mus musculus, homo sapiens",,,influenza a virus,mus musculus,homo sapiens,"Szeto, C., Gras, S.",2.09,X-RAY DIFFRACTION,0.236,0.19,,,,,True
7na5,E,D,,,abTCR,0,C,peptide,heat shock factor protein 2,,MH1,A,B,57.448,TRBV2,TRAV7,,,IMMUNE SYSTEM,06/22/22,Structure of the H2DB-TCR ternary complex with HSF2 melanoma neoantigen,mus musculus,mus musculus,,,mus musculus,mus musculus,homo sapiens,"Patskovsky, Y., Finnigan, J., Patskovska, L., Newman, J., Bhardwaj, N., Krogsgaard, M.",2.5,X-RAY DIFFRACTION,0.249,0.184,,,,,True
7nme,E,D,,,abTCR,0,C,peptide,gln-leu-pro-arg-leu-phe-pro-leu-leu,,MH1,A,B,36.1,TRBV7,TRAV5,,,IMMUNE SYSTEM,2009/7/22,"Human MHC Class I, A24 Allele presenting QLPRLFPLL, Complex with 4C6 TCR",homo sapiens,homo sapiens,,,homo sapiens,homo sapiens,homo sapiens,"Rizkallah, P.J., Sewell, A.K., Cole, D.K., Wall, A.",2.2,X-RAY DIFFRACTION,0.274,0.215,,,,,True
7nmf,E,D,,,abTCR,0,C,peptide,gln-leu-pro-arg-leu-phe-pro-leu-leu,,MH1,A,B,36.294,TRBV7,TRAV5,,,IMMUNE SYSTEM,2009/7/22,"Human MHC Class I, A24 Allele presenting QLPRLFPLL, Complex with 4C6 TCR, monoclinic form",homo sapiens,homo sapiens,,,homo sapiens,homo sapiens,homo sapiens,"Rizkallah, P.J., Sewell, A.K., Cole, D.K., Wall, A.",2.98,X-RAY DIFFRACTION,0.259,0.182,,,,,True
7nmg,E,D,,,abTCR,0,C,peptide,diabetes epitope lwmrllpll,,MH1,A,B,35.132,TRBV7,TRAV5,,,IMMUNE SYSTEM,2009/7/22,"Human MHC Class I, A24 Allele presenting LWM, Complex with 4C6 TCR",homo sapiens,homo sapiens,,,homo sapiens,homo sapiens,homo sapiens,"Rizkallah, P.J., Sewell, A.K., Cole, D.K., Wall, A.",2.48,X-RAY DIFFRACTION,0.271,0.198,,,,,True
7ow5,E,D,,,abTCR,0,C,peptide,kras peptide (vvvgaggvgk),,MH1,A,B,49.011,TRBV6,TRAV19,,,IMMUNE SYSTEM,07/20/22,Crystal structure of a TCR in complex with HLA-A*11:01 bound to KRAS peptide (VVVGAGGVGK),homo sapiens,homo sapiens,,,homo sapiens,homo sapiens,homo sapiens,"Karuppiah, V., Robinson, R.A.",2.58,X-RAY DIFFRACTION,0.274,0.206,,,,,True
7ow6,E,D,,,abTCR,0,C,peptide,kras g12d peptide (vvvgadgvgk),,MH1,A,B,48.664,TRBV6,TRAV19,,,IMMUNE SYSTEM,07/20/22,Crystal structure of a TCR in complex with HLA-A*11:01 bound to KRAS G12D peptide (VVVGADGVGK),homo sapiens,homo sapiens,,,homo sapiens,homo sapiens,homo sapiens,"Karuppiah, V., Robinson, R.A.",2.64,X-RAY DIFFRACTION,0.268,0.211,,,,,True
7phr,B,A,,,abTCR,0,P,peptide,tumor-associated antigentic peptide gp100,,MH1,H,L,43.774,TRBV19,TRAV17,,,IMMUNE SYSTEM,08/31/22,Structure of a fully assembled T-cell receptor engaging a tumor-associated peptide-MHC I,homo sapiens,homo sapiens,,,homo sapiens,homo sapiens,homo sapiens,"Susac, L., Thomas, C., Tampe, R.",0.0,ELECTRON MICROSCOPY,,,,,,,True
7q99,E,D,,,abTCR,0,C,peptide,asn-leu-ser-ala-leu-gly-ile-phe-ser-thr,,MH1,A,B,46.371,TRBV30,TRAV12,,,IMMUNE SYSTEM,02/22/23,"MHC Class I A02 Allele presenting NLSALGIFST, in complex with Mel5 TCR",homo sapiens,homo sapiens,,,homo sapiens,homo sapiens,homo sapiens,"Rizkallah, P.J., Sewell, A.K., Wall, A., Fuller, A.",2.55,X-RAY DIFFRACTION,0.272,0.218,,,,,True
7q9a,E,D,,,abTCR,0,C,peptide,leu-leu-leu-gly-ile-gly-ile-leu-val-leu,,MH1,A,B,48.391,TRBV30,TRAV12,,,IMMUNE SYSTEM,02/22/23,"MHC Class I A02 Allele presenting LLLGIGILVL, in complex with Mel5 TCR",homo sapiens,homo sapiens,,,homo sapiens,homo sapiens,homo sapiens,"Rizkallah, P.J., Sewell, A.K., Wall, A., Fuller, A.",2.1,X-RAY DIFFRACTION,0.243,0.205,,,,,True
7qpj,B,A,,,abTCR,0,E,peptide,melanoma-associated antigen 10,,MH1,C,D,32.147,TRBV6,TRAV12,,,IMMUNE SYSTEM,2008/3/22,Crystal structure of engineered TCR (756) complexed to HLA-A*02:01 presenting MAGE-A10 9-mer peptide,homo sapiens,homo sapiens,,,homo sapiens,homo sapiens,homo sapiens,"Simister, P.C., Border, E.C., Vieira, J.F., Pumphrey, N.J.",1.54,X-RAY DIFFRACTION,0.236,0.202,,,,,True
7r80,B,A,,,abTCR,0,E,peptide,gln-ala-ser-gln-glu-val-lys-asn-trp,,MH1,C,D,17.588,TRBV6,TRAV21,,,VIRAL PROTEIN/IMMUNE SYSTEM,06/29/22,Crystal structure of C3 TCR complex with QW9-bound HLA-B*5301,homo sapiens,homo sapiens,,,hiv-1 06tg.ht008,homo sapiens,homo sapiens,"Li, X.L., Tan, K.M., Walker, B.D., Wang, J.H.",2.9,X-RAY DIFFRACTION,0.287,0.233,,,,,True
7rk7,E,D,,,abTCR,0,C,peptide,tyrosinase peptide,,MH1,A,B,81.339,TRBV10,TRAV4,,,IMMUNE SYSTEM,2011/2/22,The complex between TIL 1383i TCR and human Class I MHC HLA-A2 with the bound Tyrosinase(369-377)(N371D) nonameric peptide,homo sapiens,homo sapiens,,,homo sapiens,homo sapiens,homo sapiens,"Singh, N.K., Davancaze, L.M., Arbuiso, A., Weiss, L.I., Keller, G.L.J., Baker, B.M.",2.54,X-RAY DIFFRACTION,0.255,0.211,,,,,True
7rtr,E,D,,,abTCR,0,C,peptide,spike protein s1,,MH1,A,B,42.98,TRBV7,TRAV12,,,IMMUNE SYSTEM,08/14/21,YLQ-SG3 TCR in complex with SARS-CoV-2 Spike-derived peptide S269-277 (YLQPRTFLL) presented by HLA-A*02:01,homo sapiens,homo sapiens,,,severe acute respiratory syndrome coronavirus2 ,homo sapiens,homo sapiens,"Szeto, C., Gras, S.",2.6,X-RAY DIFFRACTION,0.235,0.191,,,,,True
7t2c,E,D,,,abTCR,0,C,peptide,pneumolysin-derived peptide,,MH2,A,B,51.719,TRBV20,TRAV4,,,IMMUNE SYSTEM,12/28/22,Crystal structure of the B5 TCR in complex with HLA-DP4-Ply,homo sapiens,homo sapiens,,,streptococcus pneumoniae,homo sapiens,homo sapiens,"Ciacchi, L., Farenc, C., Petersen, J., Reid, H.H., Rossjohn, J.",3.1,X-RAY DIFFRACTION,0.257,0.211,,,,,True
7ufj,H,G,,,abTCR,0,A,Hapten,3-ethoxy-4-hydroxybenzaldehyde,N36,MR1,A,B,60.403,TRBV6,TRAV1,,,IMMUNE SYSTEM,12/14/22,Structure of human MR1-ethylvanillin in complex with human MAIT A-F7 TCR,homo sapiens,homo sapiens,,,homo sapiens,homo sapiens,homo sapiens,"Wang, C.J., Rossjohn, J., Le Nours, J.",2.5,X-RAY DIFFRACTION,0.238,0.181,,,,,True
8cx4,F,D,,,abTCR,0,C,peptide,yeih,,MH1,A,B,21.114,TRBV9,TRAV21,,,IMMUNE SYSTEM,2012/7/22,TCR-antigen complex AS8.4-YEIH-HLA*B27,homo sapiens,homo sapiens,,,escherichia coli,homo sapiens,homo sapiens,"Yang, X., Jude, K.M., Garcia, K.C.",2.2,X-RAY DIFFRACTION,0.264,0.22,,,,,True
8gom,E,D,,,abTCR,0,C,peptide,spike protein s2,,MH1,A,B,39.649,,,,,IMMUNE SYSTEM/VIRAL PROTEIN,2003/1/23,SARS-CoV-2 specific private TCR RLQ7 in complex with RLQ-HLA-A2,homo sapiens,homo sapiens,,,severe acute respiratory syndrome coronavirus2 ,homo sapiens,homo sapiens,"Wu, D., Mariuzza, R.A.",2.783,X-RAY DIFFRACTION,0.248,0.195,,,,,True
8gon,E,D,,,abTCR,0,C,peptide,spike protein s2,,MH1,A,B,38.984,,,,,IMMUNE SYSTEM/VIRAL PROTEIN,2003/1/23,SARS-CoV-2 specific private TCR RLQ7 in complex with RLQ-T1006I-HLA-A2,homo sapiens,homo sapiens,,,severe acute respiratory syndrome coronavirus2 ,homo sapiens,homo sapiens,"Wu, D., Mariuzza, R.A.",2.601,X-RAY DIFFRACTION,0.253,0.198,,,,,True
8gvb,B,A,,,abTCR,0,P,peptide,8-mer peptide from protein nef,,MH1,H,L,57.795,TRBV7,TRAV8,,,IMMUNE SYSTEM,10/19/22,The complex between public TCR TD08 and HLA-A24 bound to HIV-1 Nef138-8 peptide,homo sapiens,homo sapiens,,,hiv-1 06tg.ht008,homo sapiens,homo sapiens,"Gao, G.F., Shi, Y., Ma, K., Chai, Y., Guan, J., Qi, J., Tan, S., Dong, T., Iwamoto, A., Kawana-Tachikawa, A.",3.2,X-RAY DIFFRACTION,0.321,0.28,,,,,True
8gvg,B,A,,,abTCR,0,P,peptide,mutated 8-mer peptide from protein nef,,MH1,H,L,55.86,TRBV7,TRAV8,,,IMMUNE SYSTEM,10/19/22,The complex between public TCR TD08 and HLA-A24 bound to HIV-1 Nef138-8 (2F) peptide,homo sapiens,homo sapiens,,,hiv whole-genome vector aa1305#18,homo sapiens,homo sapiens,"Gao, G.F., Shi, Y., Ma, K., Chai, Y., Guan, J., Qi, J., Tan, S., Dong, T., Iwamoto, A., Kawana-Tachikawa, A.",3.37,X-RAY DIFFRACTION,0.32,0.299,,,,,True
8gvi,B,A,,,abTCR,0,P,peptide,8-mer peptide from protein nef,,MH1,H,L,55.872,TRBV7,TRAV8,,,IMMUNE SYSTEM,10/19/22,The complex between H25-11 TCR and HLA-A24 bound to HIV-1 Nef138-8 peptide,homo sapiens,homo sapiens,,,hiv whole-genome vector aa1305#18,homo sapiens,homo sapiens,"Gao, G.F., Shi, Y., Tan, S., Ma, K., Chai, Y., Qi, J., Kawana-Tachikawa, A., Iwamoto, A., Dong, T., Guan, J.",3.3,X-RAY DIFFRACTION,0.314,0.287,,,,,True
